filename,ratio_wall,ratio_building,ratio_sky,ratio_floor,ratio_tree,ratio_ceiling,ratio_road,ratio_bed,ratio_windowpane,ratio_grass,ratio_cabinet,ratio_sidewalk,ratio_person,ratio_earth,ratio_door,ratio_table,ratio_mountain,ratio_plant,ratio_curtain,ratio_chair,ratio_car,ratio_water,ratio_painting,ratio_sofa,ratio_shelf,ratio_house,ratio_sea,ratio_mirror,ratio_rug,ratio_field,ratio_armchair,ratio_seat,ratio_fence,ratio_desk,ratio_rock,ratio_wardrobe,ratio_lamp,ratio_bathtub,ratio_railing,ratio_cushion,ratio_base,ratio_box,ratio_column,ratio_signboard,ratio_chest,ratio_counter,ratio_sand,ratio_sink,ratio_skyscraper,ratio_fireplace,ratio_refrigerator,ratio_grandstand,ratio_path,ratio_stairs,ratio_runway,ratio_case,ratio_pool,ratio_pillow,ratio_screen,ratio_stairway,ratio_river,ratio_bridge,ratio_bookcase,ratio_blind,ratio_coffee,ratio_toilet,ratio_flower,ratio_book,ratio_hill,ratio_bench,ratio_countertop,ratio_stove,ratio_palm,ratio_kitchen,ratio_computer,ratio_swivel,ratio_boat,ratio_bar,ratio_arcade,ratio_hovel,ratio_bus,ratio_towel,ratio_light,ratio_truck,ratio_tower,ratio_chandelier,ratio_awning,ratio_streetlight,ratio_booth,ratio_television,ratio_airplane,ratio_dirt,ratio_apparel,ratio_pole,ratio_land,ratio_bannister,ratio_escalator,ratio_ottoman,ratio_bottle,ratio_buffet,ratio_poster,ratio_stage,ratio_van,ratio_ship,ratio_fountain,ratio_conveyer,ratio_canopy,ratio_washer,ratio_plaything,ratio_swimming,ratio_stool,ratio_barrel,ratio_basket,ratio_waterfall,ratio_tent,ratio_bag,ratio_minibike,ratio_cradle,ratio_oven,ratio_ball,ratio_food,ratio_step,ratio_tank,ratio_trade,ratio_microwave,ratio_pot,ratio_animal,ratio_bicycle,ratio_lake,ratio_dishwasher,ratio_blanket,ratio_sculpture,ratio_hood,ratio_sconce,ratio_vase,ratio_traffic,ratio_tray,ratio_ashcan,ratio_fan,ratio_pier,ratio_crt,ratio_plate,ratio_monitor,ratio_bulletin,ratio_shower,ratio_radiator,ratio_glass,ratio_clock,ratio_flag
corr_image_1.jpg,0.0,0.44771766662597656,0.16479778289794922,0.0,0.0,0.0,0.31316566467285156,0.0,0.0,0.0,0.0,0.01657390594482422,0.0020360946655273438,0.0,0.0,0.0,0.0,0.0,0.0,0.0,0.04120445251464844,0.0,0.0,0.0,0.0,0.0,0.0,0.0,0.0,0.0,0.0,0.0,0.0,0.0,0.0,0.0,0.0,0.0,0.0,0.0,0.0,0.0,0.0,0.0,0.0,0.0,0.0,0.0,0.0,0.0,0.0,0.0,0.0,0.0,0.0,0.0,0.0,0.0,0.0,0.0,0.0,0.0,0.0,0.0,0.0,0.0,0.0,0.0,0.0,0.0,0.0,0.0,0.0,0.0,0.0,0.0,0.0,0.0,0.0,0.0,1.430511474609375e-05,0.0,0.0,0.0018310546875,0.0,0.0,0.0,0.0004968643188476562,0.0,0.0,0.0,0.0,0.0,0.0,0.0,0.0,0.0,0.0,0.0,0.0,0.0,0.0,0.0022840499877929688,0.0,0.0,0.0,0.0,0.0,0.0,0.0,0.0,0.0,0.0,0.0,0.0,0.0,0.0,0.0,0.0,0.0,0.0,0.0,0.0,0.0,0.0,0.0,0.0,0.0,0.0,0.0,0.0,0.0,0.0,0.0,0.0,0.004000663757324219,0.0,0.005877494812011719,0.0,0.0,0.0,0.0,0.0,0.0,0.0,0.0,0.0,0.0,0.0
corr_image_10.jpg,0.0,0.198455810546875,0.18385982513427734,0.0,0.24975013732910156,0.0,0.21990013122558594,0.0,0.0,0.0,0.0,0.046382904052734375,0.006655693054199219,0.0,0.0,0.0,0.0,0.04182720184326172,0.0,0.0,0.010293006896972656,0.0,0.0,0.0,0.0,0.0,0.0,0.0,0.0,0.0,0.0,0.0,0.0,0.0,0.0,0.0,0.0,0.0,0.0,0.0,0.0,0.0,0.0,0.0,0.0,0.0,0.0,0.0,0.0,0.0,0.0,0.0,0.0,0.0,0.0,0.0,0.0,0.0,0.0,0.0,0.0,0.0,0.0,0.0,0.0,0.0,0.0,0.0,0.0,0.0,0.0,0.0,0.0,0.0,0.0,0.0,0.0,0.0,0.0,0.0,0.012182235717773438,0.0,0.0,0.0,0.0,0.0,0.009037017822265625,0.0013446807861328125,0.0,0.0,0.0,0.0,0.0,0.0,0.0,0.0,0.0,0.0,0.0,0.0,5.7220458984375e-06,0.0,0.0,0.0,0.0,0.0,0.0,0.0,0.0,0.0,0.0,0.0,0.0,0.0,0.0,0.0,0.0,0.0,0.0,0.0,0.0,0.0,0.0,0.0,0.0,0.020247459411621094,0.0,0.0,0.0,0.0,0.0,0.0,0.0,0.0,0.0,5.817413330078125e-05,0.0,0.0,0.0,0.0,0.0,0.0,0.0,0.0,0.0,0.0,0.0,0.0,0.0
corr_image_100.jpg,0.0,0.4932107925415039,0.09774112701416016,0.0,0.0008258819580078125,0.0,0.3587217330932617,0.0,0.0,0.0,0.0,0.011476516723632812,0.009831428527832031,0.0,0.0,0.0,0.0,0.0,0.0,0.0,0.013384819030761719,0.0,0.0,0.0,0.0,0.0,0.0,0.0,0.0,0.0,0.0,0.0,0.0,0.0,0.0,0.0,0.0,0.0,0.0,0.0,0.0,0.0,0.0,0.0022706985473632812,0.0,0.0,0.0,0.0,0.0,0.0,0.0,0.0,0.0,0.0,0.0,0.0,0.0,0.0,0.0,0.0,0.0,0.0,0.0,0.0,0.0,0.0,0.0,0.0,0.0,0.0,0.0,0.0,0.0025129318237304688,0.0,0.0,0.0,0.0,0.0,0.0,0.0,1.9073486328125e-05,0.0,0.0,0.0,0.0,0.0,0.0,0.0017538070678710938,0.0,0.0,0.0,0.0,0.0,0.0,0.0,0.0,0.0,0.0,0.0,0.0,0.0017347335815429688,0.0,0.002155303955078125,0.0,0.0,0.0,0.0,0.0,0.0,0.0,0.0,0.0,0.0,0.0,0.0,0.0,0.00012302398681640625,0.0,0.0,0.0,0.0,0.0,0.0,0.0,0.0,0.0,0.0,0.0,0.0,0.0,0.0,0.0,0.0,0.0,0.0,0.004238128662109375,0.0,0.0,0.0,0.0,0.0,0.0,0.0,0.0,0.0,0.0,0.0,0.0,0.0
corr_image_11.jpg,0.0,0.4123373031616211,0.20121097564697266,0.0,0.018982887268066406,0.0,0.1357431411743164,0.0,0.0,0.0,0.0,0.06309795379638672,0.024435997009277344,0.0,0.0,0.0,0.0,0.042466163635253906,0.0,0.0,0.04783916473388672,0.0,0.0,0.0,0.0,0.0,0.0,0.0,0.0,0.0,0.0,0.0,0.0005960464477539062,0.0,0.0,0.0,0.0,0.0,0.0,0.0,0.0,0.0,0.0,0.000701904296875,0.0,0.0,0.0,0.0,0.0,0.0,0.0,0.0,0.0,0.0,0.0,0.0,0.0,0.0,0.0,0.0,0.0,0.0,0.0,0.0,0.0,0.0,0.0,0.0,0.0,0.0,0.0,0.0,0.0,0.0,0.0,0.0,0.0,0.0,0.0,0.0,0.007327079772949219,0.0,0.0,0.0,0.0,0.0,0.00089263916015625,0.0,0.0,0.0,0.0,0.0,0.0,0.0,0.0,0.0,0.0,0.0,0.0,0.0,0.0,0.0,0.0,0.0,0.0,0.0,0.0,0.0,0.0,0.0,0.0,0.0,0.0,0.0,0.0,0.0,0.004656791687011719,0.0,0.0,0.0,0.0,0.0,0.0,0.0,0.0,0.038842201232910156,0.0,0.0,0.0,0.0,0.0,0.0,0.0,0.0,0.0,0.0008697509765625,0.0,0.0,0.0,0.0,0.0,0.0,0.0,0.0,0.0,0.0,0.0,0.0,0.0
corr_image_12.jpg,0.0,0.44991016387939453,0.22877979278564453,0.0,0.03252983093261719,0.0,0.1439952850341797,0.0,0.0,0.0,0.0,0.04078960418701172,0.032989501953125,0.0,0.0,0.0,0.0,0.008008956909179688,0.0,0.0,0.057923316955566406,0.0,0.0,0.0,0.0,0.0,0.0,0.0,0.0,0.0,0.0,0.0,0.0,0.0,0.0,0.0,0.0,0.0,0.0,0.0,0.0,0.0,0.0,2.288818359375e-05,0.0,0.0,0.0,0.0,0.0,0.0,0.0,0.0,0.0,0.0,0.0,0.0,0.0,0.0,0.0,0.0,0.0,0.0,0.0,0.0,0.0,0.0,0.0,0.0,0.0,0.0,0.0,0.0,0.0009212493896484375,0.0,0.0,0.0,0.0,0.0,0.0,0.0,0.0033578872680664062,0.0,0.0,0.0,0.0,0.0,0.00043392181396484375,0.0003376007080078125,0.0,0.0,0.0,0.0,0.0,0.0,0.0,0.0,0.0,0.0,0.0,0.0,0.0,0.0,0.0,0.0,0.0,0.0,0.0,0.0,0.0,0.0,0.0,0.0,0.0,0.0,0.0,0.0,0.0,0.0,0.0,0.0,0.0,0.0,0.0,0.0,0.0,0.0,0.0,0.0,0.0,0.0,0.0,0.0,0.0,0.0,0.0,0.0,0.0,0.0,0.0,0.0,0.0,0.0,0.0,0.0,0.0,0.0,0.0,0.0,0.0
corr_image_13.jpg,0.0,0.31682682037353516,0.13779067993164062,0.0,0.26572418212890625,0.0,0.2037029266357422,0.0,0.0,0.0,0.0,0.009301185607910156,0.021327972412109375,0.0,0.0,0.0,0.0,0.0,0.0,0.0,0.03966236114501953,0.0,0.0,0.0,0.0,0.0,0.0,0.0,0.0,0.0,0.0,0.0,0.0,0.0,0.0,0.0,0.0,0.0,0.0,0.0,0.0,0.0,0.0,0.0,0.0,0.0,0.0,0.0,0.0,0.0,0.0,0.0,0.0,0.0,0.0,0.0,0.0,0.0,0.0,0.0,0.0,0.0,0.0,0.0,0.0,0.0,0.0,0.0,0.0,0.0,0.0,0.0,0.0,0.0,0.0,0.0,0.0,0.0,0.0,0.0,0.0012216567993164062,0.0,0.0,0.0,0.0,0.0,0.0,0.00035953521728515625,0.0,0.0,0.0,0.0,0.0,0.0,0.0,0.0,0.0,0.0,0.0,0.0,0.0,0.0,0.0,0.0,0.0,0.0,0.0,0.0,0.0,0.0,0.0,0.0,0.0,0.0,0.0,0.0,0.004082679748535156,0.0,0.0,0.0,0.0,0.0,0.0,0.0,0.0,0.0,0.0,0.0,0.0,0.0,0.0,0.0,0.0,0.0,0.0,0.0,0.0,0.0,0.0,0.0,0.0,0.0,0.0,0.0,0.0,0.0,0.0,0.0,0.0
corr_image_14.jpg,0.0,0.35132503509521484,0.1445779800415039,0.0,0.21359920501708984,0.0,0.1555614471435547,0.0,0.0,0.0,0.0,0.02889728546142578,0.02361011505126953,0.0,0.0,0.0,0.0,0.028730392456054688,0.0,0.0,0.02438068389892578,0.0,0.0,0.0,0.0,0.0,0.0,0.0,0.0,0.0,0.0,0.0,0.0,0.0,0.0,0.0,0.0,0.0,0.0,0.0,0.0,0.0,0.0,0.007254600524902344,0.0,0.0,0.0,0.0,0.0,0.0,0.0,0.0,0.0,0.0,0.0,0.0,0.0,0.0,0.0,0.0,0.0,0.0,0.0,0.0,0.0,0.0,0.0,0.0,0.0,0.0012083053588867188,0.0,0.0,0.0,0.0,0.0,0.0,0.0,0.0,0.0,0.0,0.016213417053222656,0.0,0.0,0.0,0.0,0.0,0.0,0.0018253326416015625,0.0,0.0,0.0,0.0,0.0,0.0,0.0,0.0,0.0,0.0,0.0,0.0,0.0,0.0,0.0002384185791015625,0.0,0.0,0.0,0.0,0.0,0.0,0.0,0.0,0.0,0.0,0.0,0.0,0.0,0.0,0.0,0.0,0.0,0.0,0.0,0.0,0.0,0.0,0.0,0.0,0.0025777816772460938,0.0,0.0,0.0,0.0,0.0,0.0,0.0,0.0,0.0,0.0,0.0,0.0,0.0,0.0,0.0,0.0,0.0,0.0,0.0,0.0,0.0
corr_image_15.jpg,0.0,0.5856695175170898,0.08807563781738281,0.0,0.03934001922607422,0.0,0.17972373962402344,0.0,0.0,0.0,0.0,0.012174606323242188,0.010563850402832031,0.0,0.0,0.0,0.0,0.0027713775634765625,0.0,0.0,0.03621864318847656,0.0,0.0,0.0,0.0,0.0,0.0,0.0,0.0,0.0,0.0,0.0,0.0,0.0,0.0,0.0,0.0,0.0,0.0,0.0,0.0,0.0,0.0,0.0025310516357421875,0.0,0.0,0.0,0.0,0.0,0.0,0.0,0.0,0.0,0.0,0.0,0.0,0.0,0.0,0.0,0.0,0.0,0.0,0.0,0.0,0.0,0.0,0.0,0.0,0.0,0.0,0.0,0.0,0.00673675537109375,0.0,0.0,0.0,0.0,0.0,0.0,0.0,0.02006053924560547,0.0,0.0,0.0,0.0,0.0,0.001827239990234375,0.0019054412841796875,0.0,0.0,0.0,0.0,0.0,0.0,0.0,0.0,0.0,0.0,0.0,0.0,0.0030384063720703125,0.0,0.00030803680419921875,0.0,0.0,0.0,0.0,0.0,0.0,0.0,0.0,0.0,0.0,0.0,0.0,0.0,0.0,0.0,0.0,0.0,0.0,0.0,0.0,0.0,0.0,0.0042247772216796875,0.0,0.0,0.0,0.0,0.0,0.0,0.0,0.0,0.0,0.0,0.0,0.0022649765014648438,0.0,0.0,0.0,0.0,0.0,0.0,0.0,0.0,0.0,0.0,0.0025653839111328125
corr_image_16.jpg,0.0,0.35243892669677734,0.2723379135131836,0.0,0.060085296630859375,0.0,0.20299816131591797,0.0,0.0,0.0,0.0,0.03182411193847656,0.016691207885742188,0.0,0.0,0.0,0.00024318695068359375,0.015694618225097656,0.0,0.0,0.02379131317138672,0.0,0.0,0.0,0.0,0.0,0.0,0.0,0.0,0.0,0.0,0.0,0.0,0.0,0.0,0.0,0.0,0.0,0.0,0.0,0.0,0.0,0.0,0.0002117156982421875,0.0,0.0,0.0,0.0,0.0,0.0,0.0,0.0,0.0,0.0,0.0,0.0,0.0,0.0,0.0,0.0,0.0,0.0,0.0,0.0,0.0,0.0,0.0,0.0,0.0,1.33514404296875e-05,0.0,0.0,0.0,0.0,0.0,0.0,0.0,0.0,0.0,0.0,0.008234024047851562,0.0,0.0,0.0,0.0,0.0,0.0014514923095703125,0.0014019012451171875,0.0,0.0,0.0,0.0,0.0,0.0,0.0,0.0,0.0,0.0,0.0,0.0,0.0,0.0,0.0,0.0,0.0,0.0,0.0,0.0,0.0,0.0,0.0,0.0,0.0,0.0,0.0,0.0,0.0002574920654296875,0.0,0.0,0.0,0.0,0.0,0.0,0.0,0.0,0.0051097869873046875,0.0,0.0026111602783203125,0.0,0.0,0.0,0.0,0.0,0.0,0.0,0.003475189208984375,0.0,0.0009813308715820312,0.0,0.0,0.0,0.0,0.0,0.0,0.0,0.0,0.0,0.0,0.00014781951904296875
corr_image_17.jpg,0.0,0.2978801727294922,0.2316122055053711,0.0,0.15752601623535156,0.0,0.1968374252319336,0.0,0.0,0.0,0.0,0.017806053161621094,0.022246360778808594,0.0,0.0,0.0,0.0,0.0,0.0,0.0,0.06970596313476562,0.0,0.0,0.0,0.0,0.0,0.0,0.0,0.0,0.0,0.0,0.0,0.0,0.0,0.0,0.0,0.0,0.0,0.0,0.0,0.0,0.0,0.0,0.0,0.0,0.0,0.0,0.0,0.0,0.0,0.0,0.0,0.0,0.0,0.0,0.0,0.0,0.0,0.0,0.0,0.0,0.0,0.0,0.0,0.0,0.0,0.0,0.0,0.0,0.0,0.0,0.0,0.0,0.0,0.0,0.0,0.0,0.0,0.0,0.0,0.0,0.0,0.0,0.0,0.0,0.0,0.0022439956665039062,0.0016965866088867188,0.0,0.0,0.0,0.0,0.0,0.0,0.0,0.0,0.0,0.0,0.0,0.0,0.0,0.0,0.0,0.0,0.0,0.0,0.0,0.0,0.0,0.0,0.0,0.0,0.0,0.0,0.0,0.0,0.0012750625610351562,0.0,0.0,0.0,0.0,0.0,0.0,0.0003185272216796875,0.0,0.0,0.0,0.0,0.0,0.0,0.0,0.0,0.0,0.0,0.0,0.0,0.0,0.0008516311645507812,0.0,0.0,0.0,0.0,0.0,0.0,0.0,0.0,0.0,0.0,0.0
corr_image_18.jpg,0.0,0.3634614944458008,0.1955413818359375,0.0,0.138946533203125,0.0,0.2274007797241211,0.0,0.0,0.0,0.0,0.012701034545898438,0.03275489807128906,0.0,0.0,0.0,0.0,0.0033941268920898438,0.0,0.0,0.014105796813964844,0.0,0.0,0.0,0.0,0.0,0.0,0.0,0.0,0.0,0.0,0.0,0.0,0.0,0.0,0.0,0.0,0.0,0.0,0.0,0.0,0.0,0.0,0.0008268356323242188,0.0,0.0,0.0,0.0,0.0,0.0,0.0,0.0,0.0,0.0,0.0,0.0,0.0,0.0,0.0,0.0,0.0,0.0,0.0,0.0,0.0,0.0,0.0,0.0,0.0,0.00017261505126953125,0.0,0.0,0.0,0.0,0.0,0.0,0.0,0.0,0.0,0.0,0.0007276535034179688,0.0,0.0,0.0,0.0,0.0,0.0,0.0010166168212890625,0.0,0.0,0.0,0.0,0.0,0.0,0.0,0.0,0.0,0.0,0.0,0.0,0.0,0.0,0.00029754638671875,0.0,0.0,0.0,0.0,0.0,0.0,0.0,0.0,0.0,0.0,0.0,0.0,0.0,0.0,0.0,0.0,0.0,0.0,0.0,0.0,0.0,0.0,0.00534820556640625,0.0,0.0029754638671875,0.0,0.0,0.0,0.0,0.0,0.0,0.0,0.00015163421630859375,0.0,0.0001773834228515625,0.0,0.0,0.0,0.0,0.0,0.0,0.0,0.0,0.0,0.0,0.0
corr_image_19.jpg,0.0,0.4261598587036133,0.16117382049560547,0.0,0.060189247131347656,0.0,0.1871623992919922,0.0,0.0,0.0,0.0,0.032807350158691406,0.024465560913085938,0.0,0.0,0.0,0.0,0.03659820556640625,0.0,0.0,0.023238182067871094,0.0,0.0,0.0,0.0,0.0,0.0,0.0,0.0,0.0,0.0,0.0,0.0,0.0,0.0,0.0,0.0,0.0,0.0,0.0,0.00043201446533203125,0.025665283203125,0.0,0.0,0.0,0.0,0.0,0.0,0.0,0.0,0.0,0.0,0.0,0.0,0.0,0.0,0.0,0.0,0.0,0.0,0.0,0.0,0.0,0.0,0.0,0.0,0.001781463623046875,0.0,0.0,0.0,0.0,0.0,0.0,0.0,0.0,0.0,0.0,0.0,0.0,0.0,0.011127471923828125,0.0,0.0,0.0,0.0,0.0,0.0,0.0014963150024414062,0.0,0.0,0.0,0.0,0.0,0.00360870361328125,0.0,0.0,0.0,0.0,0.0,0.0,0.0,0.0,0.0,0.0,0.0,0.0,0.0,0.0,0.0,0.0,0.0,0.0,0.00034618377685546875,0.0,0.0,0.0,0.0026960372924804688,0.0,0.0,0.0,0.0010519027709960938,0.0,0.0,0.0,0.0,0.0,0.0,0.0,0.0,0.0,0.0,0.0,0.0,0.0,0.0,0.0,0.0,0.0,0.0,0.0,0.0,0.0,0.0,0.0,0.0,0.0,0.0,0.0,0.0
corr_image_2.jpg,0.0,0.46148681640625,0.14677906036376953,0.0,0.0,0.0,0.21976852416992188,0.0,0.0,0.0,0.0,0.0768289566040039,0.052376747131347656,0.0,0.0,0.0,0.0,0.0006723403930664062,0.0,0.0,0.0179901123046875,0.0,0.0,0.0,0.0,0.0,0.0,0.0,0.0,0.0,0.0,0.0,0.0,0.0,0.0,0.0,0.0,0.0,0.0,0.0,0.0,0.0,0.0,0.0,0.0,0.0,0.0,0.0,0.0,0.0,0.0,0.0,0.0,0.0,0.0,0.0,0.0,0.0,0.0,0.0,0.0,0.0,0.0,0.0,0.0,0.0,0.0,0.0,0.0,0.0,0.0,0.0,0.0,0.0,0.0,0.0,0.0,0.0,0.0,0.0,0.0,0.0,0.0,0.0,0.0,0.0,0.008721351623535156,0.0072345733642578125,0.0,0.0,0.0,0.0,0.0,0.0070095062255859375,0.0,0.0,0.0,0.0,0.0,0.0,0.0,0.0,0.0011320114135742188,0.0,0.0,0.0,0.0,0.0,0.0,0.0,0.0,0.0,0.0,0.0,0.0,0.0,0.0,0.0,0.0,0.0,0.0,0.0,0.0,0.0,0.0,0.0,0.0,0.0,0.0,0.0,0.0,0.0,0.0,0.0,0.0,0.0,0.0,0.0,0.0,0.0,0.0,0.0,0.0,0.0,0.0,0.0,0.0,0.0,0.0
corr_image_20.jpg,0.0,0.45670032501220703,0.10765552520751953,0.0,0.14284706115722656,0.0,0.1945476531982422,0.0,0.0,0.0,0.0,0.024991989135742188,0.02910137176513672,0.0,0.0,0.0,0.0,0.0059642791748046875,0.0,0.0,0.014575958251953125,0.0,0.0,0.0,0.0,0.0,0.0,0.0,0.0,0.0,0.0,0.0,0.0,0.0,0.0,0.0,0.0,0.0,0.0,0.0,0.0,0.0,0.0,0.00015354156494140625,0.0,0.0,0.0,0.0,0.0,0.0,0.0,0.0,0.0,0.0,0.0,0.0,0.0,0.0,0.0,0.0,0.0,0.0,0.0,0.0,0.0,0.0,0.0,0.0,0.0,0.0,0.0,0.0,0.0004119873046875,0.0,0.0,0.0,0.0,0.0,0.0,0.0,0.013493537902832031,0.0,0.0,0.0,0.0,0.0,0.0,7.62939453125e-05,0.0,0.0,0.0,0.0,0.0,0.0,0.0,0.0,0.0,0.0,0.0,0.0,0.0,0.0,0.0,0.0,0.0,0.0,0.0,0.0,0.0,0.0,0.0,0.0,0.0,0.0,0.0,0.0011997222900390625,0.0,0.0,0.0,0.0,0.0,0.0,0.0,0.0,0.0,0.0013284683227539062,0.0,0.0033025741577148438,0.0,0.0,0.0,0.0,0.0,0.0,0.0,0.00017452239990234375,0.0,0.003475189208984375,0.0,0.0,0.0,0.0,0.0,0.0,0.0,0.0,0.0,0.0,0.0
corr_image_21.jpg,0.0,0.2836418151855469,0.2324066162109375,0.0,0.07587146759033203,0.0,0.20397186279296875,0.0,0.0,0.0,0.0,0.02911663055419922,0.04726219177246094,0.0,0.0,0.0,0.0,0.0262908935546875,0.0,0.0,0.02321910858154297,0.0,0.0,0.0,0.0,0.0,0.0,0.0,0.0,0.0,0.0,0.0,0.0,0.0,0.0,0.0,0.0,0.0,0.0,0.0,0.0,0.0,0.0,0.0,0.0,0.0,0.0,0.0,0.0,0.0,0.0,0.0,0.0,0.0,0.0,0.0,0.0,0.0,0.0,0.0,0.0,0.0,0.0,0.0,0.0,0.0,0.0,0.0,0.0,0.0,0.0,0.0,0.04050254821777344,0.0,0.0,0.0,0.0,0.0,0.0,0.0,0.011505126953125,0.0,0.0,0.0,0.0,0.0,0.01039886474609375,0.00018787384033203125,0.0,0.0,0.0,0.0,0.0,0.0,0.0,0.0,0.0,0.0,0.0,0.0,0.0,0.0,0.0,0.0,0.0,0.0,0.0,0.0,0.0,0.0,0.0,0.0,0.0,0.0,0.0,0.0,0.0013933181762695312,0.0,0.0,0.0,0.0,0.0,0.0,0.0,0.0,0.014231681823730469,0.0,0.0,0.0,0.0,0.0,0.0,0.0,0.0,0.0,0.0,0.0,0.0,0.0,0.0,0.0,0.0,0.0,0.0,0.0,0.0,0.0,0.0,0.0
corr_image_22.jpg,0.0,0.2855987548828125,0.3585166931152344,0.0,0.048590660095214844,0.0,0.19930744171142578,0.0,0.0,0.0,0.0,0.021915435791015625,0.025373458862304688,0.0,0.0,0.0,0.0,0.012574195861816406,0.0,0.0,0.011723518371582031,0.0,0.0,0.0,0.0,0.0,0.0,0.0,0.0,0.0,0.0,0.0,0.0,0.0,0.0,0.0,0.0,0.0,0.0,0.0,0.0,0.0,0.0,0.0017547607421875,0.0,0.0,0.0,0.0,0.0,0.0,0.0,0.0,0.0,0.0,0.0,0.0,0.0,0.0,0.0,0.0,0.0,0.0,0.0,0.0,0.0,0.0,0.0,0.0,0.0,0.0,0.0,0.0,0.004908561706542969,0.0,0.0,0.0,0.0,0.0,0.0,0.0,0.009798049926757812,0.0,0.0,0.0,0.0,0.0,0.0,0.0015392303466796875,0.0,0.0,0.0,0.0,0.0,0.0,0.0,0.0,0.0,0.0,0.0,0.0,0.0,0.0,0.00014972686767578125,0.0,0.0,0.0,0.0,0.0,0.0,0.0,0.0,0.0,0.0,0.0,0.0,0.0,1.1444091796875e-05,0.0,0.0,0.0,0.0,0.0,0.0,0.0,0.0,0.018230438232421875,0.0,0.0,0.0,0.0,0.0,0.0,0.0,0.0,0.0,7.62939453125e-06,0.0,0.0,0.0,0.0,0.0,0.0,0.0,0.0,0.0,0.0,0.0,0.0,0.0
corr_image_23.jpg,0.0,0.39421939849853516,0.1833667755126953,0.0,0.0580291748046875,0.0,0.19560718536376953,0.0,0.0,0.0,0.0,0.058094024658203125,0.07553386688232422,0.0,0.0,0.0,0.0,0.0,0.0,0.0,0.006619453430175781,0.0,0.0,0.0,0.0,0.0,0.0,0.0,0.0,0.0,0.0,0.0,0.0,0.0,0.0,0.0,0.0,0.0,0.0,0.0,0.0,0.0,0.0,0.0,0.0,0.0,0.0,0.0,0.0,0.0,0.0,0.0,0.0,0.0,0.0,0.0,0.0,0.0,0.0,0.0,0.0,0.0,0.0,0.0,0.0,0.0,0.0,0.0,0.0,0.0,0.0,0.0,0.0,0.0,0.0,0.0,0.0,0.0,0.0,0.0,0.005948066711425781,0.0,0.0,0.0,0.0,0.0,0.015356063842773438,0.0009717941284179688,0.0,0.0,0.0,0.0,0.0,0.0006666183471679688,0.0,0.0,0.0,0.0,0.0,0.0,0.0,0.0,0.0,0.0,0.0,0.0,0.0,0.0,0.0,0.0,0.0,0.0,0.0,0.0,0.0,0.0,0.0,0.0,0.0,0.0,0.0,0.0,0.0,0.0,0.0,0.0,0.0,0.005587577819824219,0.0,0.0,0.0,0.0,0.0,0.0,0.0,0.0,0.0,0.0,0.0,0.0,0.0,0.0,0.0,0.0,0.0,0.0,0.0,0.0,0.0
corr_image_24.jpg,0.0,0.41718387603759766,0.12113666534423828,0.0,0.03153228759765625,0.0,0.21660423278808594,0.0,0.0,0.0,0.0,0.10722923278808594,0.07314205169677734,0.0,0.0,0.0,0.0,0.0,0.0,0.0,0.018037796020507812,0.0,0.0,0.0,0.0,0.0,0.0,0.0,0.0,0.0,0.0,0.0,0.0,0.0,0.0,0.0,0.0,0.0,0.0,0.0,0.0,0.0,0.0,0.0,0.0,0.0,0.0,0.0,0.0,0.0,0.0,0.0,0.0,0.0,0.0,0.0,0.0,0.0,0.0,0.0,0.0,0.0,0.0,0.0,0.0,0.0,0.0,0.0,0.0,0.0,0.0,0.0,0.0,0.0,0.0,0.0,0.0,0.0,0.0,0.0,0.00563812255859375,0.0,0.0,0.0,0.0,0.0,0.0,9.5367431640625e-07,0.0,0.0,0.0,0.0,0.0,0.0,0.0,0.005797386169433594,0.0029096603393554688,0.0,0.0,0.0,0.0,0.0,0.0,0.0,0.0,0.0,0.0,0.0,0.0,0.0,0.0,0.0,0.0,0.0,0.0,0.0,0.0,0.0,0.0,0.0,0.0,0.0,0.0,0.0007877349853515625,0.0,0.0,0.0,0.0,0.0,0.0,0.0,0.0,0.0,0.0,0.0,0.0,0.0,0.0,0.0,0.0,0.0,0.0,0.0,0.0,0.0,0.0,0.0,0.0,0.0
corr_image_25.jpg,0.0,0.23219680786132812,0.37847328186035156,0.0,0.001316070556640625,0.0,0.32471179962158203,0.0,0.0,0.0,0.0,0.017179489135742188,0.0013980865478515625,0.0,0.0,0.0,0.0,0.0025234222412109375,0.0,0.0,0.03593730926513672,0.0,0.0,0.0,0.0,0.0,0.0,0.0,0.0,0.0,0.0,0.0,0.0,0.0,0.0,0.0,0.0,0.0,0.0,0.0,0.0,0.0,0.0,0.0,0.0,0.0,0.0,0.0,0.0,0.0,0.0,0.0,0.0,0.0,0.0,0.0,0.0,0.0,0.0,0.0,0.0,0.0,0.0,0.0,0.0,0.0,0.0,0.0,0.0,0.0,0.0,0.0,0.0021505355834960938,0.0,0.0,0.0,0.0,0.0,0.0,0.0,0.0,0.0,0.0,0.0,0.0,0.0,0.00022029876708984375,4.76837158203125e-05,0.0,0.0,0.0,0.0,0.0,0.0,0.0,0.0,0.0,0.0,0.0,0.0,0.0,0.0,0.0028963088989257812,0.0,0.0,0.0,0.0,0.0,0.0,0.0,0.0,0.0,0.0,0.0,0.0,0.0,0.0,0.0,0.0,0.0,0.0,0.0,0.0,0.0009489059448242188,0.0,0.0,0.0,0.0,0.0,0.0,0.0,0.0,0.0,0.0,0.0,0.0,0.0,0.0,0.0,0.0,0.0,0.0,0.0,0.0,0.0,0.0,0.0,0.0,0.0
corr_image_26.jpg,0.0,0.27802276611328125,0.27004432678222656,0.0,0.1519021987915039,0.0,0.15640830993652344,0.0,0.0,0.0,0.0,0.10455131530761719,0.02431964874267578,0.0,0.0,0.0,0.0,0.0,0.0,0.00045299530029296875,0.003314971923828125,0.0,0.0,0.0,0.0,0.0,0.0,0.0,0.0,0.0,0.0,0.0,0.0,0.0,0.0,0.0,0.0,0.0,0.0,0.0,0.0,0.0,0.0,0.0025358200073242188,0.0,0.0,0.0,0.0,0.0,0.0,0.0,0.0,0.0,0.0,0.0,0.0,0.0,0.0,0.0,0.0,0.0,0.0,0.0,0.0,0.0,0.0,0.0,0.0,0.0,0.0019598007202148438,0.0,0.0,0.0,0.0,0.0,0.0,0.0,0.0,0.0,0.0,0.0026826858520507812,0.0,0.0,0.0,0.0,0.0,4.291534423828125e-05,0.0012788772583007812,0.0,0.0,0.0,0.0,0.0,0.002483367919921875,0.0,0.0,0.0,0.0,0.0,0.0,0.0,0.0,0.0,0.0,0.0,0.0,0.0,0.0,0.0,0.0,0.0,0.0,0.0,0.0,0.0,0.0,0.0,0.0,0.0,0.0,0.0,0.0,0.0,0.0,0.0,0.0,0.0,0.0,0.0,0.0,0.0,0.0,0.0,0.0,0.0,0.0,0.0,0.0,0.0,0.0,0.0,0.0,0.0,0.0,0.0,0.0,0.0,0.0,0.0
corr_image_27.jpg,0.0,0.2086954116821289,0.1690988540649414,0.0,0.2365579605102539,0.0,0.26406097412109375,0.0,0.0,0.0020532608032226562,0.0,0.040065765380859375,0.01569652557373047,0.00025272369384765625,0.0,0.0,0.0,0.0003643035888671875,0.0,0.0,0.04498291015625,0.0,0.0,0.0,0.0,0.0,0.0,0.0,0.0,0.0,0.0,0.0,0.0,0.0,0.0,0.0,0.0,0.0,0.0,0.0,0.0,0.0,0.0,9.059906005859375e-05,0.0,0.0,0.0,0.0,0.0,0.0,0.0,0.0,0.0,0.0,0.0,0.0,0.0,0.0,0.0,0.0,0.0,0.0,0.0,0.0,0.0,0.0,0.0,0.0,0.0,0.0009870529174804688,0.0,0.0,0.0,0.0,0.0,0.0,0.0,0.0,0.0,0.0,0.0,0.0,0.0,0.0,0.0,0.0,0.00732421875,0.0028247833251953125,0.0,0.0,0.0,0.0,0.0,0.0,0.0,0.0,0.0,0.0,0.0,0.0,0.0,0.0,0.0,0.0,0.0,0.0,0.0,0.0,0.0,0.0,0.0,0.0,0.0,0.0,0.0,0.0,0.0035305023193359375,0.0,0.0,0.0,0.0,0.0,0.0,0.0,0.0,0.0,0.0,0.0008287429809570312,0.0,0.0,0.0,0.0,0.0,0.0,0.0,0.0025854110717773438,0.0,0.0,0.0,0.0,0.0,0.0,0.0,0.0,0.0,0.0,0.0,0.0,0.0
corr_image_28.jpg,0.0,0.2981224060058594,0.26816368103027344,0.0,0.05193614959716797,0.0,0.2714405059814453,0.0,0.0,0.0,0.0,0.017242431640625,0.02248668670654297,0.0,0.0,0.0,0.0,0.0,0.0,0.0,0.035645484924316406,0.0,0.0,0.0,0.0,0.0,0.0,0.0,0.0,0.0,0.0,0.0,0.0,0.0,0.0,0.0,0.0,0.0,0.0,0.0,0.0,0.0,0.0,0.0,0.0,0.0,0.0,0.0,0.0,0.0,0.0,0.0,0.0,0.0,0.0,0.0,0.0,0.0,0.0,0.0,0.0,0.0,0.0,0.0,0.0,0.0,0.0,0.0,0.0,0.0,0.0,0.0,0.0,0.0,0.0,0.0,0.0,0.0,0.0,0.0,0.0,0.0,0.0,0.0,0.0,0.0,0.001796722412109375,0.0013666152954101562,0.0,0.0,0.0,0.0,0.0,0.0,0.0,0.0,0.0,0.0,0.0,0.0,0.0,0.0,0.0,0.0,0.03179931640625,0.0,0.0,0.0,0.0,0.0,0.0,0.0,0.0,0.0,0.0,0.0,0.0,0.0,0.0,0.0,0.0,0.0,0.0,0.0,0.0,0.0,0.0,0.0,0.0,0.0,0.0,0.0,0.0,0.0,0.0,0.0,0.0,0.0,0.0,0.0,0.0,0.0,0.0,0.0,0.0,0.0,0.0,0.0,0.0
corr_image_29.jpg,0.0,0.3244304656982422,0.27048683166503906,0.0,0.049790382385253906,0.0,0.1921854019165039,0.0,0.0,0.0,0.0,0.0812215805053711,0.03551292419433594,0.0,0.0,0.0,0.005237579345703125,0.004693031311035156,0.0,0.0,0.0244293212890625,0.0,0.0,0.0,0.0,0.0,0.0,0.0,0.0,0.0,0.0,0.0,0.0,0.0,0.0,0.0,0.0,0.0,0.0,0.0,0.0,0.0,0.0,0.0,0.0,0.0,0.0,0.0,0.0,0.0,0.0,0.0,0.0,0.0,0.0,0.0,0.0,0.0,0.0,0.0,0.0,0.0,0.0,0.0,0.0,0.0,0.0,0.0,0.0,0.0,0.0,0.0,0.0,0.0,0.0,0.0,0.0,0.0,0.0,0.0,0.0008687973022460938,0.0,0.0,0.00041961669921875,0.0,0.0,0.006190299987792969,0.0,0.0,0.0,0.0,0.0,0.0,1.33514404296875e-05,0.0,0.0,0.0,0.0,0.0,0.0,0.0,0.0,0.0012674331665039062,0.0,0.0,0.0,0.0,0.0,0.0,0.0,0.0,0.0,0.0,0.0,0.0,0.0,0.0,0.0,0.0,0.0,0.0,0.0,0.0,0.0008974075317382812,0.0,0.0,0.0,0.0,0.0,0.0,0.0,0.0,0.0,0.0,0.0,0.0,0.0,0.0023555755615234375,0.0,0.0,0.0,0.0,0.0,0.0,0.0,0.0,0.0,0.0,0.0
corr_image_3.jpg,0.0,0.22681427001953125,0.38512706756591797,0.0,0.0,0.0,0.30448341369628906,0.0,0.0,0.0,0.0,0.04052162170410156,0.0009307861328125,0.0,0.0,0.0,0.0,0.0033388137817382812,0.0,0.0,0.005382537841796875,0.0,0.0,0.0,0.0,0.0,0.0,0.0,0.0,0.0,0.0,0.0,0.0,0.0,0.0,0.0,0.0,0.0,0.0,0.0,0.0,0.0,0.0,0.0005140304565429688,0.0,0.0,0.0,0.0,0.0,0.0,0.0,0.0,0.0,0.0,0.0,0.0,0.0,0.0,0.0,0.0,0.0,0.0,0.0,0.0,0.0,0.0,0.0,0.0,0.0,0.0,0.0,0.0,0.009537696838378906,0.0,0.0,0.0,0.0,0.0,0.0,0.0,0.0,0.0,0.0,0.0,0.0,0.0,0.0052928924560546875,0.0016260147094726562,0.0,0.0,0.0,0.0,0.0,0.001003265380859375,0.0,0.0,0.0,0.0,0.0,0.0,0.0,0.0,0.0,0.0,0.0,0.0,0.0,0.0,0.0,0.0,0.0,0.0,0.0,0.0,0.0,0.0,0.014954566955566406,0.0,0.0,0.0,0.0,0.0,0.0,6.771087646484375e-05,0.0,0.00040531158447265625,0.0,0.0,0.0,0.0,0.0,0.0,0.0,0.0,0.0,0.0,0.0,0.0,0.0,0.0,0.0,0.0,0.0,0.0,0.0,0.0,0.0,0.0,0.0
corr_image_30.jpg,0.0,0.4027900695800781,0.06802177429199219,0.0,0.07814598083496094,0.0,0.2257699966430664,0.0,0.0,0.0,0.0,0.06618404388427734,0.0778512954711914,0.0,0.0,0.0,0.0,0.0,0.0,0.0,0.051113128662109375,0.0,0.0,0.0,0.0,0.0,0.0,0.0,0.0,0.0,0.0,0.0,0.0,0.0,0.0,0.0,0.0,0.0,0.0,0.0,0.0,0.0,0.0,0.006412506103515625,0.0,0.0,0.0,0.0,0.0,0.0,0.0,0.0,0.0,0.0,0.0,0.0,0.0,0.0,0.0,0.0,0.0,0.0,0.0,0.0,0.0,0.0,0.0,0.0,0.0,0.0,0.0,0.0,0.0,0.0,0.0,0.0,0.0,0.0,0.0,0.0,0.007149696350097656,0.0,0.0,0.0,0.0,0.0,0.008399009704589844,0.001811981201171875,0.0,0.0,0.0,0.0,0.0,0.005859375,0.0,0.0,0.0,0.0,0.0,0.0,0.0,0.0,0.0,0.0,0.0,0.0,0.0,0.0,0.0,0.0,0.0,0.0,0.0,0.0,0.0,0.0,0.0,0.0,0.0,0.0,0.0,0.0,0.0,0.0,0.0,0.0,0.0,0.0004911422729492188,0.0,0.0,0.0,0.0,0.0,0.0,0.0,0.0,0.0,0.0,0.0,0.0,0.0,0.0,0.0,0.0,0.0,0.0,0.0,0.0,0.0
corr_image_31.jpg,0.0,0.41168880462646484,0.1309032440185547,0.0,0.017098426818847656,0.0,0.2206716537475586,0.0,0.0,0.0,0.0,0.10373878479003906,0.059563636779785156,0.0,0.0,0.0,0.0,0.0,0.0,0.0,0.007266998291015625,0.0,0.0,0.0,0.0,0.0,0.0,0.0,0.0,0.0,0.0,0.0,0.0,0.0,0.0,0.0,0.0,0.0,0.0,0.0,0.0011377334594726562,0.004849433898925781,0.0,0.00091552734375,0.0,0.0,0.0,0.0,0.0,0.0,0.0,0.0,0.0,0.0,0.0,0.0,0.0,0.0,0.0,0.0,0.0,0.0,0.0,0.0,0.0,0.0,0.0,0.0,0.0,1.9073486328125e-06,0.0,0.0,0.0,0.0,0.0,0.0,0.0,0.0,0.0,0.0,0.005385398864746094,0.0,0.0,0.0,0.0,0.0,0.014220237731933594,0.0022516250610351562,0.0,0.0,0.0,0.0,0.0,0.0023899078369140625,0.0,0.010239601135253906,0.0,0.0,0.0,0.0,0.0,0.0,0.0052242279052734375,0.0,0.0,0.0,0.0,0.0,0.0,0.0,0.0,0.0,0.0,0.0,0.0,0.0,0.0,0.0,0.0,0.0,0.0,0.0,0.0,0.0,0.0,0.0,0.0,0.001224517822265625,0.0,0.0,0.0,0.0,0.0,0.0,0.0,0.0,0.0,0.00122833251953125,0.0,0.0,0.0,0.0,0.0,0.0,0.0,0.0,0.0,0.0,0.0
corr_image_32.jpg,0.0,0.39722156524658203,0.16728591918945312,0.0,0.04481792449951172,0.0,0.2061595916748047,0.0,0.0,0.0,0.0,0.12517070770263672,0.03273296356201172,0.0,0.0,0.0014715194702148438,0.0,0.0,0.0,0.0028972625732421875,0.003963470458984375,0.0,0.0,0.0,0.0,0.0,0.0,0.0,0.0,0.0,0.0,0.0,0.0,0.0,0.0,0.0,0.0,0.0,0.0,0.0,0.0,0.0,0.0,0.0,0.0,0.0,0.0,0.0,0.0,0.0,0.0,0.0,0.0,0.0,0.0,0.0,0.0,0.0,0.0,0.0,0.0,0.0,0.0,0.0,0.0,0.0,0.0,0.0,0.0,0.0006008148193359375,0.0,0.0,0.0,0.0,0.0,0.0,0.0,0.0,0.0,0.0,0.0011224746704101562,0.0,0.0,0.0,0.0,0.0,0.01212310791015625,0.0005817413330078125,0.0,0.0,0.0,0.0,0.0,0.0038509368896484375,0.0,0.0,0.0,0.0,0.0,0.0,0.0,0.0,0.0,0.0,0.0,0.0,0.0,0.0,0.0,0.0,0.0,0.0,0.0,0.0,0.0,0.0,0.0,0.0,0.0,0.0,0.0,0.0,0.0,0.0,0.0,0.0,0.0,0.0,0.0,0.0,0.0,0.0,0.0,0.0,0.0,0.0,0.0,0.0,0.0,0.0,0.0,0.0,0.0,0.0,0.0,0.0,0.0,0.0,0.0
corr_image_33.jpg,0.0,0.4419221878051758,0.12704753875732422,0.0,0.0347442626953125,0.0,0.21814823150634766,0.0,0.0,0.0,0.0,0.07646560668945312,0.0711669921875,0.0,0.0,0.0,0.0,0.0,0.0,0.0,0.0023365020751953125,0.0,0.0,0.0,0.0,0.0,0.0,0.0,0.0,0.0,0.0,0.0,0.0,0.0,0.0,0.0,0.0,0.0,0.0,0.0,0.0,0.0,0.0,0.000179290771484375,0.0,0.0,0.0,0.0,0.0,0.0,0.0,0.0,0.0,0.0,0.0,0.0,0.0,0.0,0.0,0.0,0.0,0.0,0.0,0.0,0.0,0.0,0.0,0.0,0.0,0.0,0.0,0.0,0.0,0.0,0.0,0.0,0.0,0.0,0.0,0.0,0.0031871795654296875,0.0,0.0,0.0,0.0,0.0,0.008645057678222656,0.005331993103027344,0.0,0.0,0.0,0.0,0.0,0.0008487701416015625,0.0,0.0022497177124023438,0.0,0.0,0.0,0.0,0.0,0.0,0.0,0.0,0.0,0.0,0.0,0.0,0.0,0.0,0.0,0.0,0.0,0.0,0.0,0.0,0.0,0.0,0.0,0.0,0.0,0.0,0.0,0.0,0.0,0.0,0.0,0.007451057434082031,0.0,0.0,0.0,0.0,0.0,0.0,0.0,0.00027561187744140625,0.0,0.0,0.0,0.0,0.0,0.0,0.0,0.0,0.0,0.0,0.0,0.0,0.0
corr_image_34.jpg,0.0,0.3898181915283203,0.1350412368774414,0.0,0.05185699462890625,0.0,0.2755928039550781,0.0,0.0,0.0,0.0,0.023919105529785156,0.009532928466796875,0.0,0.0,0.0,0.0,0.0,0.0,0.0,0.07801246643066406,0.0,0.0,0.0,0.0,0.0,0.0,0.0,0.0,0.0,0.0,0.0,0.0,0.0,0.0,0.0,0.0,0.0,0.0,0.0,0.0,0.0,0.0,0.0007953643798828125,0.0,0.0,0.0,0.0,0.0,0.0,0.0,0.0,0.0,0.0,0.0,0.0,0.0,0.0,0.0,0.0,0.0,0.0,0.0,0.0,0.0,0.0,0.0,0.0,0.0,0.0,0.0,0.0,0.0,0.0,0.0,0.0,0.0,0.0,0.0,0.0,0.027837753295898438,0.0,0.0,0.0,0.0,0.0,0.0034008026123046875,0.0017185211181640625,0.0,0.0,0.0,0.0,0.0,0.0,0.0,0.0,0.0,0.0,0.0,0.0,0.0,0.0,0.0,0.0,0.0,0.0,0.0,0.0,0.0,0.0,0.0,0.0,0.0,0.0,0.0,0.0,0.0,0.0,0.0,0.0,0.0,0.0,0.0,0.0,0.0,0.0,0.0,0.0022563934326171875,0.0,0.0,0.0,0.0,0.0,0.0,0.0,0.000217437744140625,0.0,0.0,0.0,0.0,0.0,0.0,0.0,0.0,0.0,0.0,0.0,0.0,0.0
corr_image_35.jpg,0.0,0.4384593963623047,0.10618019104003906,0.0,0.0021486282348632812,0.0,0.116546630859375,0.0,0.0,0.0,0.0,0.10722827911376953,0.07407569885253906,0.0,0.0,0.0,0.0,0.0,0.0,0.0,0.1306018829345703,0.0,0.0,0.0,0.0,0.0,0.0,0.0,0.0,0.0,0.0,0.0,0.0,0.0,0.0,0.0,0.0,0.0,0.0,0.0,0.0,0.005977630615234375,0.0,5.435943603515625e-05,0.0,0.0,0.0,0.0,0.0,0.0,0.0,0.0,0.0,0.0,0.0,0.0,0.0,0.0,0.0,0.0,0.0,0.0,0.0,0.0,0.0,0.0,0.0,0.0,0.0,0.0,0.0,0.0,0.0,0.0,0.0,0.0,0.0,0.0,0.0,0.0,0.000232696533203125,0.0,0.0,0.0,0.0,0.0,0.003238677978515625,0.0002460479736328125,0.0,0.0,0.0,0.0,0.0,0.0008153915405273438,0.0,0.0,0.0,0.0,0.0,0.0,0.0,0.0,0.000823974609375,0.0,0.0,0.0,0.0,0.0,0.0,0.0,0.0,0.0,0.0,0.0,0.0,0.0040035247802734375,0.0,0.0,0.0,0.0,0.0,0.0,0.0,0.0,0.0,0.0,0.0,0.009366989135742188,0.0,0.0,0.0,0.0,0.0,0.0,0.0,0.0,0.0,0.0,0.0,0.0,0.0,0.0,0.0,0.0,0.0,0.0,0.0,0.0,0.0
corr_image_36.jpg,0.0,0.4978961944580078,0.12342453002929688,0.0,0.0,0.0,0.21819210052490234,0.0,0.0,0.0,0.0,0.04364204406738281,0.025335311889648438,0.0,0.0,0.0,0.003444671630859375,0.0023622512817382812,0.0,0.0,0.038481712341308594,0.0,0.0,0.0,0.0,0.0,0.0,0.0,0.0,0.0,0.0,0.0,0.0,0.0,0.0,0.0,0.0,0.0,0.0,0.0,0.0023708343505859375,0.0003490447998046875,0.0,0.0,0.0,0.0,0.0,0.0,0.0,0.0,0.0,0.0,0.0,0.0,0.0,0.0,0.0,0.0,0.0,0.0,0.0,0.0,0.0,0.0,0.0,0.0,0.0,0.0,0.0,0.0008440017700195312,0.0,0.0,0.027329444885253906,0.0,0.0,0.0,0.0,0.0,0.0,0.0,0.0,0.0,0.0,0.0,0.0,0.0,0.010891914367675781,0.0007314682006835938,0.0,0.0,0.0,0.0,0.0,0.0,0.0,0.0,0.0,0.0,0.0,0.0,0.0,0.0,2.86102294921875e-06,0.0,0.0,0.0,0.0,0.0,0.0,0.0,0.0,0.0,0.0,0.0,0.0,0.0,0.0035104751586914062,0.0,0.0,0.0,0.0,0.0,0.0,0.0,0.0,0.0,0.0,0.0006189346313476562,0.0,0.0,0.0,0.0,0.0,0.0,0.0,0.0,0.0,0.00057220458984375,0.0,0.0,0.0,0.0,0.0,0.0,0.0,0.0,0.0,0.0,0.0
corr_image_37.jpg,0.0,0.36447620391845703,0.23610496520996094,0.0,0.0,0.0,0.2603492736816406,0.0,0.0,0.0,0.0,0.059952735900878906,0.01607799530029297,0.0,0.0,0.0,0.0,0.0,0.0,0.0,0.04511070251464844,0.0,0.0,0.0,0.0,0.0,0.0,0.0,0.0,0.0,0.0,0.0,0.0,0.0,0.0,0.0,0.0,0.0,0.0,0.0,0.0,0.0,0.0,9.059906005859375e-05,0.0,0.0,0.0,0.0,0.0,0.0,0.0,0.0,0.0,0.0,0.0,0.0,0.0,0.0,0.0,0.0,0.0,0.0,0.0,0.0,0.0,0.0,0.0,0.0,0.0,0.0,0.0,0.0,0.0,0.0,0.0,0.0,0.0,0.0,0.0,0.0,0.002780914306640625,0.0,0.0,0.0,0.0,0.0,0.00884246826171875,0.0017948150634765625,0.0,0.0,0.0,0.0,0.0,0.0,0.0,0.0,0.0,0.0,0.0,0.0,0.0,0.0,0.0023937225341796875,0.0,0.0,0.0,0.0,0.0,0.0,0.0,0.0,0.0,0.0,0.0,0.0,0.0,0.0020198822021484375,0.0,0.0,0.0,0.0,0.0,0.0,0.0,0.0,0.0,0.0,5.7220458984375e-06,0.0,0.0,0.0,0.0,0.0,0.0,0.0,0.0,0.0,0.0,0.0,0.0,0.0,0.0,0.0,0.0,0.0,0.0,0.0,0.0,0.0
corr_image_38.jpg,0.0,0.6003017425537109,0.08184337615966797,0.0,0.04998779296875,0.0,0.18338584899902344,0.0,0.0,0.0,0.0,0.02724933624267578,0.0036230087280273438,0.0,0.0,0.0,0.0,0.0,0.0,0.0,0.03397369384765625,0.0,0.0,0.0,0.0,0.0,0.0,0.0,0.0,0.0,0.0,0.0,0.0,0.0,0.0,0.0,0.0,0.0,0.0,0.0,0.0,0.0,0.0,0.0020999908447265625,0.0,0.0,0.0,0.0,0.0,0.0,0.0,0.0,0.0,0.0,0.0,0.0,0.0,0.0,0.0,0.0,0.0,0.0,0.0,0.0,0.0,0.0,0.0,0.0,0.0,0.0,0.0,0.0,0.0,0.0,0.0,0.0,0.0,0.0,0.0,0.0,0.012844085693359375,0.0,0.0,0.0,0.0,0.0,0.0,0.0028781890869140625,0.0,0.0,0.0,0.0,0.0,0.0,0.0,0.0,0.0,0.0,0.0,0.0,0.0,0.0,0.0,0.0,0.0,0.0,0.0,0.0,0.0,0.0,0.0,0.0,0.0,0.0,0.0,0.0,0.0,0.0,0.0,0.0,0.0,0.0,0.0,0.0,0.0,0.0,0.0,0.0,0.0,0.0,0.0,0.0,0.0,0.0,0.0,0.00026226043701171875,0.0,0.0015506744384765625,0.0,0.0,0.0,0.0,0.0,0.0,0.0,0.0,0.0,0.0,0.0
corr_image_39.jpg,0.0,0.47857189178466797,0.1520528793334961,0.0,0.0016632080078125,0.0,0.15400409698486328,0.0,0.0,0.0,0.0,0.012679100036621094,0.017124176025390625,0.0,0.0,0.0,0.0,0.0,0.0,0.0,0.17343521118164062,0.0,0.0,0.0,0.0,0.0,0.0,0.0,0.0,0.0,0.0,0.0,0.0,0.0,0.0,0.0,0.0,0.0,0.0,0.0,0.0,0.0,0.0,0.00049591064453125,0.0,0.0,0.0,0.0,0.0,0.0,0.0,0.0,0.0,0.0,0.0,0.0,0.0,0.0,0.0,0.0,0.0,0.0,0.0,0.0,0.0,0.0,0.0,0.0,0.0,0.0,0.0,0.0,0.0,0.0,0.0,0.0,0.0,0.0,0.0,0.0,0.0069408416748046875,0.0,0.0,0.0,0.0,0.0,0.0017118453979492188,0.000713348388671875,0.0,0.0,0.0,0.0,0.0,0.0,0.0,0.0,0.0,0.0,0.0,0.0,0.0,0.0,0.0005960464477539062,0.0,0.0,0.0,0.0,0.0,0.0,0.0,0.0,0.0,0.0,0.0,0.0,0.0,0.0,0.0,0.0,0.0,0.0,0.0,0.0,0.0,0.0,0.0,0.0,0.0,0.0,0.0,0.0,0.0,0.0,0.0,0.0,1.1444091796875e-05,0.0,0.0,0.0,0.0,0.0,0.0,0.0,0.0,0.0,0.0,0.0,0.0,0.0
corr_image_4.jpg,0.0,0.5125713348388672,0.1244363784790039,0.0,0.0,0.0,0.23328876495361328,0.0,0.0,0.0,0.0,0.025300025939941406,0.03289604187011719,0.0,0.0,0.0,0.0,0.010792732238769531,0.0,0.0,0.01739978790283203,0.0,0.0,0.0,0.0,0.0,0.0,0.0,0.0,0.0,0.0,0.0,0.0,0.0,0.0,0.0,0.0,0.0,0.0,0.0,0.0,0.0069408416748046875,0.0,0.005223274230957031,0.0,0.0,0.0,0.0,0.0,0.0,0.0,0.0,0.0,0.0,0.0,0.0,0.0,0.0,0.0,0.0,0.0,0.0,0.0,0.0,0.0,0.0,0.0,0.0,0.0,0.0,0.0,0.0,0.0,0.0,0.0,0.0,0.0,0.0,0.0,0.0,0.0,0.0,0.0,0.0,0.0,0.0,0.02102375030517578,0.0013227462768554688,0.0,0.0,0.0,0.0,0.0,0.00040340423583984375,0.0,0.0,0.0,0.0,0.0,0.0,0.0,0.0,0.0,0.0,0.0,0.0,0.0,0.0,0.0,0.0,0.0,0.0,0.00289154052734375,0.0,0.0,0.0,0.0027894973754882812,0.0,0.0,0.0,0.000621795654296875,0.0,0.0,0.0,0.0,0.00209808349609375,0.0,0.0,0.0,0.0,0.0,0.0,0.0,0.0,0.0,0.0,0.0,0.0,0.0,0.0,0.0,0.0,0.0,0.0,0.0,0.0,0.0,0.0,0.0
corr_image_40.jpg,0.0,0.5625343322753906,0.0963888168334961,0.0,0.0,0.0,0.042885780334472656,0.0,0.0,0.0,0.0,0.18195438385009766,0.030736923217773438,0.0,0.0,0.0,0.0,0.0065860748291015625,0.0,0.0,0.05885028839111328,0.0,0.0,0.0,0.0,0.0,0.0,0.0,0.0,0.0,0.0,0.0,0.0,0.0,0.0,0.0,0.0,0.0,0.0,0.0,0.0,0.0,0.0,0.0,0.0,0.0,0.0,0.0,0.0,0.0,0.0,0.0,0.0,0.0,0.0,0.0,0.0,0.0,0.0,0.0,0.0,0.0,0.0,0.0,0.0,0.0,0.0,0.0,0.0,0.0,0.0,0.0,0.0,0.0,0.0,0.0,0.0,0.0,0.0,0.0,0.0,0.0,0.0,0.0,0.0,0.0,0.0064640045166015625,0.000682830810546875,0.0,0.0,0.0,0.0,0.0,0.0,0.0,0.0,0.0,0.0,0.0,0.0,0.0,0.0,0.0,0.0,0.0,0.0,0.0,0.0,0.0,0.0,0.0,0.0,0.0,0.0,0.0,0.0,0.011553764343261719,0.0,0.0,0.0,0.0,0.0,0.0,0.0,0.0,0.0,0.0,0.0,0.0,0.0,0.0,0.0,0.0,0.0,0.0,0.0,0.0,0.0010442733764648438,0.0,0.0,0.0,0.0,0.0,0.0003185272216796875,0.0,0.0,0.0,0.0,0.0
corr_image_41.jpg,0.0,0.32806873321533203,0.15756797790527344,0.0,0.09196090698242188,0.0,0.1720418930053711,0.0,0.0,0.0,0.0,0.031950950622558594,0.034992218017578125,0.0,0.0,0.0,0.0,0.0,0.0,0.0,0.1597146987915039,0.0,0.0,0.0,0.0,0.0,0.0,0.0,0.0,0.0,0.0,0.0,0.0,0.0,0.0,0.0,0.0,0.0,0.0,0.0,0.0,0.0,0.0,0.009354591369628906,0.0,0.0,0.0,0.0,0.0,0.0,0.0,0.0,0.0,0.0,0.0,0.0,0.0,0.0,0.0,0.0,0.0,0.0,0.0,0.0,0.0,0.0,0.0,0.0,0.0,0.0,0.0,0.0,0.0,0.0,0.0,0.0,0.0,0.0,0.0,0.0,0.0,0.0,0.0,0.0,5.626678466796875e-05,0.0,0.006249427795410156,6.29425048828125e-05,0.0,0.0,0.0,0.0,0.0,0.007907867431640625,0.0,0.0,0.0,0.0,0.0,0.0,0.0,0.0,0.0,0.0,0.0,0.0,0.0,0.0,0.0,0.0,0.0,0.0,0.0,0.0,0.0,0.0,0.0,0.0,0.0,0.0,0.0,0.0,0.0,0.0,0.0,0.0,0.0,0.0,0.0,0.0,0.0,0.0,0.0,0.0,0.0,0.0,0.0,7.152557373046875e-05,0.0,0.0,0.0,0.0,0.0,0.0,0.0,0.0,0.0,0.0,0.0
corr_image_42.jpg,0.0,0.4588127136230469,0.1651611328125,0.0,0.0,0.0,0.2772693634033203,0.0,0.0,0.0,0.0,0.01968097686767578,0.032837867736816406,0.0,0.0,0.0,0.0,0.0,0.0,0.0,0.030233383178710938,0.0,0.0,0.0,0.0,0.0,0.0,0.0,0.0,0.0,0.0,0.0,0.0,0.0,0.0,0.0,0.0,0.0,0.0,0.0,0.0,0.0,0.0,0.010252952575683594,0.0,0.0,0.0,0.0,0.0,0.0,0.0,0.0,0.0,0.0,0.0,0.0,0.0,0.0,0.0,0.0,0.0,0.0,0.0,0.0,0.0,0.0,0.0,0.0,0.0,0.0,0.0,0.0,0.0,0.0,0.0,0.0,0.0,0.0,0.0,0.0,0.0,0.0,0.0,0.0,0.0,0.0,0.0,0.0,0.0,0.0,0.0,0.0,0.0,0.0,0.0,0.0,0.0,0.0,0.0,0.0,0.0004634857177734375,0.0,0.0,0.0,0.0,0.0,0.0,0.0,0.0,0.0,0.0,0.0,0.0,0.0,0.0,0.0,0.0,0.0,0.0,0.0,0.0,0.0,0.0,0.0,0.0,0.0,0.0,0.0,0.0,0.0,0.0,0.0,0.0,0.0,0.0,0.003307342529296875,0.0,0.0019807815551757812,0.0,0.0,0.0,0.0,0.0,0.0,0.0,0.0,0.0,0.0,0.0
corr_image_43.jpg,0.0,0.031126976013183594,0.2909879684448242,0.0,0.1862955093383789,0.0,0.3007049560546875,0.0,0.0,0.05383586883544922,0.0,0.0417022705078125,0.0,0.0,0.0,0.0,0.0,0.006016731262207031,0.0,0.0,0.040374755859375,0.0,0.0,0.0,0.0,0.04843425750732422,0.0,0.0,0.0,0.0,0.0,0.0,0.0,0.0,0.0,0.0,0.0,0.0,0.0,0.0,0.0,0.0,0.0,0.0,0.0,0.0,0.0,0.0,0.0,0.0,0.0,0.0,0.0,0.0,0.0,0.0,0.0,0.0,0.0,0.0,0.0,0.0,0.0,0.0,0.0,0.0,0.0,0.0,0.0,0.0,0.0,0.0,0.0,0.0,0.0,0.0,0.0,0.0,0.0,0.0,0.0,0.0,0.0,0.0,0.0,0.0,0.0,0.0004177093505859375,0.0,0.0,0.0,0.0,0.0,0.000102996826171875,0.0,0.0,0.0,0.0,0.0,0.0,0.0,0.0,0.0,0.0,0.0,0.0,0.0,0.0,0.0,0.0,0.0,0.0,0.0,0.0,0.0,0.0,0.0,0.0,0.0,0.0,0.0,0.0,0.0,0.0,0.0,0.0,0.0,0.0,0.0,0.0,0.0,0.0,0.0,0.0,0.0,0.0,0.0,0.0,0.0,0.0,0.0,0.0,0.0,0.0,0.0,0.0,0.0,0.0,0.0
corr_image_44.jpg,0.0,0.43827342987060547,0.14609622955322266,0.0,0.0,0.0,0.18627452850341797,0.0,0.0,0.0,0.0,0.017495155334472656,0.005550384521484375,0.0,0.0,0.0,0.0,0.005558013916015625,0.0,0.0,0.17726898193359375,0.0,0.0,0.0,0.0,0.0,0.0,0.0,0.0,0.0,0.0,0.0,0.0,0.0,0.0,0.0,0.0,0.0,0.0,0.0,0.0,0.0,0.0,0.006579399108886719,0.0,0.0,0.0,0.0,0.0,0.0,0.0,0.0,0.0,0.0,0.0,0.0,0.0,0.0,0.0,0.0,0.0,0.0,0.0,0.0,0.0,0.0,0.0,0.0,0.0,0.0,0.0,0.0,0.0,0.0,0.0,0.0,0.0,0.0,0.0,0.0,0.006522178649902344,0.0,0.0,0.0,0.0,0.0,0.0002460479736328125,0.0004119873046875,0.0,0.0,0.0,0.0,0.0,0.0,0.0,0.0,0.0,0.0,0.0,0.0,0.0,0.0,0.004277229309082031,0.0,0.0,0.0,0.0,0.0,0.0,0.0,0.0,0.0,0.0,0.0,0.0,0.0,0.0,0.0,0.0,0.0,0.0,0.0,0.0,0.0,0.0,0.0038805007934570312,0.0,0.0,0.0,0.0,0.0,0.0,0.0,0.0,0.0,0.0015659332275390625,0.0,0.0,0.0,0.0,0.0,0.0,0.0,0.0,0.0,0.0,0.0,0.0,0.0
corr_image_45.jpg,0.0,0.3842763900756836,0.1883983612060547,0.0,0.04105854034423828,0.0,0.2800464630126953,0.0,0.0,0.0,0.0,0.021753311157226562,0.010572433471679688,0.0,0.0,0.0,0.0,0.0009593963623046875,0.0,0.0,0.025176048278808594,0.0,0.0,0.0,0.0,0.0,0.0,0.0,0.0,0.0,0.0,0.0,0.0,0.0,0.0,0.0,0.0,0.0,0.0,0.0,0.0,0.0,0.0,0.0,0.0,0.0,0.0,0.0,0.0,0.0,0.0,0.0,0.0,0.0,0.0,0.0,0.0,0.0,0.0,0.0,0.0,0.0,0.0,0.0,0.0,0.0,0.0,0.0,0.0,0.002208709716796875,0.0,0.0,0.0,0.0,0.0,0.0,0.0,0.0,0.0,0.0,0.043305397033691406,0.0,0.0,0.0,0.0,0.0,0.0011568069458007812,0.0003490447998046875,0.0,0.0,0.0,0.0,0.0,0.0,0.0,0.000545501708984375,0.0,0.0,0.0,0.0,0.0,0.0,0.0,0.0,0.0,0.0,0.0,0.0,0.0,0.0,0.0,0.0,0.0,0.0,0.0,0.0,0.0,0.0,0.0,0.0,0.0,0.0,0.0,0.00019359588623046875,0.0,0.0,0.0,0.0,0.0,0.0,0.0,0.0,0.0,0.0,0.0,0.0,0.0,0.0,0.0,0.0,0.0,0.0,0.0,0.0,0.0,0.0,0.0,0.0,0.0
corr_image_46.jpg,0.0,0.5281877517700195,0.08622264862060547,0.0,7.534027099609375e-05,0.0,0.3050546646118164,0.0,0.0,0.0,0.0,0.01908397674560547,0.024888992309570312,0.0,0.0,0.0,0.0,0.0,0.0,0.0,0.03127288818359375,0.0,0.0,0.0,0.0,0.0,0.0,0.0,0.0,0.0,0.0,0.0,0.0,0.0,0.0,0.0,0.0,0.0,0.0,0.0,0.0,0.0,0.0,0.0011205673217773438,0.0,0.0,0.0,0.0,0.0,0.0,0.0,0.0,0.0,0.0,0.0,0.0,0.0,0.0,0.0,0.0,0.0,0.0,0.0,0.0,0.0,0.0,0.0,0.0,0.0,0.0,0.0,0.0,0.0,0.0,0.0,0.0,0.0,0.0,0.0,0.0,0.0,0.0,0.0,0.0,0.0,0.0,0.0,0.0020160675048828125,0.0,0.0,0.0,0.0,0.0,0.0,0.0,0.0,0.0,0.0,0.0,0.0,0.0,0.0,0.0,0.0,0.0,0.0,0.0,0.0,0.0,0.0,0.0,0.0,0.0,0.0,0.0,0.0,0.0,0.0,0.0,0.0,0.0,0.0,0.0,0.0,0.0,0.0,0.0,0.0,0.0,0.0,0.0,0.0,0.0,0.0,0.0,0.000179290771484375,0.0,0.0018978118896484375,0.0,0.0,0.0,0.0,0.0,0.0,0.0,0.0,0.0,0.0,0.0
corr_image_47.jpg,0.0,0.2985868453979492,0.2228240966796875,0.0,0.01819610595703125,0.0,0.31043243408203125,0.0,0.0,0.0,0.0,0.024587631225585938,0.020766258239746094,0.0,0.0,0.0,0.0,0.0,0.0,0.0,0.08612823486328125,0.0,0.0,0.0,0.0,0.0,0.0,0.0,0.0,0.0,0.0,0.0,0.0,0.0,0.0,0.0,0.0,0.0,0.0,0.0,0.0,0.0,0.0,0.001514434814453125,0.0,0.0,0.0,0.0,0.0,0.0,0.0,0.0,0.0,0.0,0.0,0.0,0.0,0.0,0.0,0.0,0.0,0.0,0.0,0.0,0.0,0.0,0.0,0.0,0.0,0.0,0.0,0.0,0.0,0.0,0.0,0.0,0.0,0.0,0.0,0.0,0.0067729949951171875,0.0,0.0,0.0,0.0,0.0,0.0,0.0001373291015625,0.0,0.0,0.0,0.0,0.0,0.0,0.0,0.0,0.0,0.0,0.0,0.0,0.0,0.0,0.0,0.0,0.0,0.0,0.0,0.0,0.0,0.0,0.0,0.0,0.0,0.0,0.0,0.0,0.0006771087646484375,0.0,0.0,0.0,0.0,0.0,0.0,0.0007305145263671875,0.0,0.0,0.0,3.910064697265625e-05,0.0,0.0,0.0,0.0,0.0,0.0,0.0,0.004215240478515625,0.0,0.004391670227050781,0.0,0.0,0.0,0.0,0.0,0.0,0.0,0.0,0.0,0.0,0.0
corr_image_48.jpg,0.0,0.30784034729003906,0.2390432357788086,0.0,0.0,0.0,0.2364358901977539,0.0,0.0,0.0,0.0,0.09266090393066406,0.027235031127929688,0.0,0.0,0.0,0.0,0.0,0.0,0.0,0.053832054138183594,0.0,0.0,0.0,0.0,0.0,0.0,0.0,0.0,0.0,0.0,0.0,0.0,0.0,0.0,0.0,0.0,0.0,0.0,0.0,0.0,0.000133514404296875,0.0,0.0031175613403320312,0.0,0.0,0.0,0.0,0.0,0.0,0.0,0.0,0.0,0.0,0.0,0.0,0.0,0.0,0.0,0.0,0.0,0.0,0.0,0.0,0.0,0.0,0.0,0.0,0.0,0.0,0.0,0.0,0.0,0.0,0.0,0.0,0.0,0.0,0.0,0.0,0.02252197265625,0.0,0.0,0.0,0.0,0.0,0.0023326873779296875,5.245208740234375e-05,0.0,0.0,0.0,0.0,0.0,0.0022687911987304688,0.0,0.0,0.0,0.0,0.0,0.0,0.0,0.0,0.0,0.0,0.0,0.0,0.0,0.0,0.0,0.0,0.0,0.0,0.0,0.0,0.0028858184814453125,0.0,0.0,0.0,0.0,0.0,0.0,0.0,0.0,0.0,0.0,0.0,0.0,0.0024433135986328125,0.0,0.0,0.0,0.0,0.0,0.0,0.0,0.006016731262207031,0.0,0.0011796951293945312,0.0,0.0,0.0,0.0,0.0,0.0,0.0,0.0,0.0,0.0,0.0
corr_image_49.jpg,0.0,0.2698545455932617,0.3202028274536133,0.0,0.06780052185058594,0.0,0.2611675262451172,0.0,0.0,0.0,0.0,0.04183006286621094,0.008090019226074219,0.0,0.00015926361083984375,0.0,0.0,0.0,0.0,0.0,0.018929481506347656,0.0,0.0,0.0,0.0,0.0,0.0,0.0,0.0,0.0,0.0,0.0,0.0,0.0,0.0,0.0,0.0,0.0,0.0,0.0,0.0,0.0,0.0,0.0007524490356445312,0.0,0.0,0.0,0.0,0.0,0.0,0.0,0.0,0.0,0.0,0.0,0.0,0.0,0.0,0.0,0.0,0.0,0.0,0.0,0.0,0.0,0.0,0.0,0.0,0.0,0.0,0.0,0.0,0.0,0.0,0.0,0.0,0.0,0.0,0.0,0.0,0.0,0.0,0.0,0.0,0.0,0.0,0.0027284622192382812,0.0007276535034179688,0.0,0.0,0.0,0.0,0.0,0.0,0.0,0.0,0.0,0.0,0.0,0.0,0.0,0.0,0.0007877349853515625,0.0,0.0,0.0,0.0,0.0,0.0,0.0,0.0,0.0,0.0,0.0,0.0,0.0,0.0,0.0,0.0,0.0,0.0,0.0,0.0,0.0,0.0,0.0,0.0,0.0,0.0,0.0,0.0,0.0,0.0,0.0,0.0,0.0,0.0,0.006969451904296875,0.0,0.0,0.0,0.0,0.0,0.0,0.0,0.0,0.0,0.0,0.0
corr_image_5.jpg,0.0,0.41257190704345703,0.1437673568725586,0.0,0.17337417602539062,0.0,0.1508493423461914,0.0,0.0,0.0,0.0,0.023708343505859375,0.04418468475341797,0.0,0.0,0.0,0.0,0.0033311843872070312,0.0,0.0,0.03180503845214844,0.0,0.0,0.0,0.0,0.0,0.0,0.0,0.0,0.0,0.0,0.0,0.0,0.0,0.0,0.0,0.0,0.0,0.0,0.0,0.0,0.0,0.0,4.1961669921875e-05,0.0,0.0,0.0,0.0,0.0,0.0,0.0,0.0,0.0,0.0,0.0,0.0,0.0,0.0,0.0,0.0,0.0,0.0,0.0,0.0,0.0,0.0,0.0,0.0,0.0,0.0,0.0,0.0,0.0,0.0,0.0,0.0,0.0,0.0,0.0,0.0,0.0,0.0,0.0,0.0,0.0,0.0,0.0039052963256835938,0.0010576248168945312,0.0,0.0,0.0,0.0,0.0,0.0,0.0,0.0,0.0,0.0,0.0,0.0,0.0,0.0,0.0,0.0,0.0,0.0,0.0,0.0,0.0,0.0,0.0,0.0,0.0,0.0,0.0,0.0,0.0,0.0,0.0,0.0,0.0,0.0,0.0,0.0,0.0,0.003086090087890625,0.0,0.0049800872802734375,0.0,0.0,0.0,0.0,0.0,0.0,0.0,0.0,0.0,0.0033369064331054688,0.0,0.0,0.0,0.0,0.0,0.0,0.0,0.0,0.0,0.0,0.0
corr_image_50.jpg,0.00133514404296875,0.4020271301269531,0.19518280029296875,0.0,0.02876567840576172,0.0,0.18768310546875,0.0,0.0,0.0,0.0,0.08679485321044922,0.04240894317626953,0.0,0.0,0.0,0.0,0.0,0.0,0.0,0.02026844024658203,0.0,0.0,0.0,0.0,0.0,0.0,0.0,0.0,0.0,0.0,0.0,0.011724472045898438,0.0,0.0,0.0,0.0,0.0,0.0,0.0,0.0,0.0,0.0,0.0007171630859375,0.0,0.0,0.0,0.0,0.0,0.0,0.0,0.0,0.0,0.0,0.0,0.0,0.0,0.0,0.0,0.0,0.0,0.0,0.0,0.0,0.0,0.0,0.0,0.0,0.0,0.0,0.0,0.0,0.0,0.0,0.0,0.0,0.0,0.0,0.0,0.0,0.008472442626953125,0.0,0.0,0.0,0.0,0.0,0.003849029541015625,0.000141143798828125,0.0,0.0,0.0,0.0,0.0,0.0027923583984375,0.0,0.0,0.0,0.0,0.0,0.0,0.0,0.0,0.0,0.0,0.0,0.0,0.0,0.0,0.0,0.0,0.0,0.0,0.0,0.0,0.0,0.0,0.0,0.0,0.0,0.0,0.0,0.0,0.0,0.0,0.0,0.0,0.0,0.007837295532226562,0.0,0.0,0.0,0.0,0.0,0.0,0.0,0.0,0.0,0.0,0.0,0.0,0.0,0.0,0.0,0.0,0.0,0.0,0.0,0.0,0.0
corr_image_51.jpg,0.0,0.4698905944824219,0.21239185333251953,0.0,0.05854988098144531,0.0,0.19450855255126953,0.0,0.0,0.0,0.0,0.024433135986328125,0.004314422607421875,0.0,0.0,0.0,0.0,0.00035381317138671875,0.0,0.0,0.02826213836669922,0.0,0.0,0.0,0.0,0.0,0.0,0.0,0.0,0.0,0.0,0.0,0.0,0.0,0.0,0.0,0.0,0.0,0.0,0.0,0.0,0.0,0.0,0.00014781951904296875,0.0,0.0,0.0,0.0,0.0,0.0,0.0,0.0,0.0,0.0,0.0,0.0,0.0,0.0,0.0,0.0,0.0,0.0,0.0,0.0,0.0,0.0,0.0,0.0,0.0,0.0,0.0,0.0,0.0,0.0,0.0,0.0,0.0,0.0,0.0,0.0,0.0020008087158203125,0.0,0.0,0.0012502670288085938,0.0,0.0,0.0,0.00020599365234375,0.0,0.0,0.0,0.0,0.0,0.0,0.0,0.0,0.0,0.0,0.0,0.0,0.0,0.0,0.0013780593872070312,0.0,0.0,0.0,0.0,0.0,0.0,0.0,0.0,0.0,0.0,0.0,0.0,0.0,0.0,0.0,0.0,0.0,0.0,0.0,0.0,0.0,0.0,0.0014581680297851562,0.0,0.0,0.0,0.0,0.0,0.0,0.0,0.0,0.0,0.0008182525634765625,0.0,3.62396240234375e-05,0.0,0.0,0.0,0.0,0.0,0.0,0.0,0.0,0.0,0.0,0.0
corr_image_52.jpg,0.0,0.33791160583496094,0.24216938018798828,0.0,0.0,0.0,0.27970027923583984,0.0,0.0,0.0,0.0,0.060413360595703125,0.022788047790527344,0.0,0.0,0.0,0.0,0.0008945465087890625,0.0,0.00013256072998046875,0.039626121520996094,0.0,0.0,0.0,0.0,0.0,0.0,0.0,0.0,0.0,0.0,0.0,0.000705718994140625,0.0,0.0,0.0,0.0,0.0,0.0,0.0,0.0,0.0,0.0,0.0,0.0,0.0,0.0,0.0,0.0,0.0,0.0,0.0,0.0,0.0,0.0,0.0,0.0,0.0,0.0,0.0,0.0,0.0,0.0,0.0,0.0,0.0,0.0,0.0,0.0,0.0,0.0,0.0,0.0,0.0,0.0,0.0,0.0,0.0,0.0,0.0,0.0,0.0,0.0,0.0,0.0,0.0,0.013036727905273438,0.0011529922485351562,0.0,0.0,0.0,0.0,0.0,0.0012044906616210938,0.0,0.0,0.0,0.0,0.0,0.0,0.0,0.0,0.0,0.0,0.0,0.0,0.0,0.0,0.0,0.0,0.0,0.0,0.0,0.0,0.0,0.0,0.0,0.0,0.0,0.0,0.0,0.0,0.0,0.0,0.0,0.00026416778564453125,0.0,0.0,0.0,0.0,0.0,0.0,0.0,0.0,0.0,0.0,0.0,0.0,0.0,0.0,0.0,0.0,0.0,0.0,0.0,0.0,0.0,0.0,0.0
corr_image_53.jpg,0.0,0.5524682998657227,0.12366676330566406,0.0,0.060158729553222656,0.0,0.1877765655517578,0.0,0.0,0.0,0.0,0.03130340576171875,0.008025169372558594,0.0,0.0,0.0,0.0,0.0004425048828125,0.0,0.0,0.02415752410888672,0.0,0.0,0.0,0.0,0.0,0.0,0.0,0.0,0.0,0.0,0.0,0.0,0.0,0.0,0.0,0.0,0.0,0.0,0.0,0.0,0.0,0.0,0.0025396347045898438,0.0,0.0,0.0,0.0,0.0,0.0,0.0,0.0,0.0,0.0,0.0,0.0,0.0,0.0,0.0,0.0,0.0,0.0,0.0,0.0,0.0,0.0,0.0,0.0,0.0,0.0,0.0,0.0,0.0,0.0,0.0,0.0,0.0,0.0,0.0,0.0,0.0,0.0,0.0,0.0,0.0,0.0,0.0,9.250640869140625e-05,0.0,0.0,0.0,0.0,0.0,0.0,0.0,0.0,0.0,0.0,0.0,0.0,0.0,0.0,0.0,0.0,0.0,0.0,0.0,0.0,0.0,0.0,0.0,0.0,0.0,0.0,0.0,0.0,0.0,0.0,0.0,0.0,0.0,0.0,0.0,0.0,0.0,0.0017824172973632812,0.0,0.0,0.0,0.0,0.0,0.0,0.0,0.0,0.0,0.00266265869140625,0.0,0.004923820495605469,0.0,0.0,0.0,0.0,0.0,0.0,0.0,0.0,0.0,0.0,0.0
corr_image_54.jpg,0.0,0.4011106491088867,0.30678844451904297,0.0,0.0408477783203125,0.0,0.16795635223388672,0.0,0.0,0.0,0.0,0.027602195739746094,0.033390045166015625,0.0,0.0,0.0,0.0,0.0,0.0,0.0,0.01644134521484375,0.0,0.0,0.0,0.0,0.0,0.0,0.0,0.0,0.0,0.0,0.0,0.0,0.0,0.0,0.0,0.0,0.0,0.0,0.0,1.9073486328125e-06,0.0,0.0,0.0002231597900390625,0.0,0.0,0.0,0.0,0.0,0.0,0.0,0.0,0.0,0.0,0.0,0.0,0.0,0.0,0.0,0.0,0.0,0.0,0.0,0.0,0.0,0.0,0.0,0.0,0.0,0.0,0.0,0.0,0.0,0.0,0.0,0.0,0.0,0.0,0.0,0.0,0.0,0.0,0.0,0.0,0.0,0.0,0.0,0.0020380020141601562,0.000484466552734375,0.0,0.0,0.0,0.0,0.0,0.0,0.0,0.0,0.0,0.0,0.0,0.0,0.0,0.0,0.0,0.0,0.0,0.0,0.0,0.0,0.0,0.0,0.0,0.0,0.0,0.0,0.0,0.0,0.0,0.0,0.0,0.0,0.0,0.0,0.0,0.0,0.0,0.0,0.0029811859130859375,0.0,0.0,0.0,0.0,0.0,0.0,0.0,0.00013446807861328125,0.0,0.0,0.0,0.0,0.0,0.0,0.0,0.0,0.0,0.0,0.0,0.0,0.0
corr_image_55.jpg,0.0,0.625762939453125,0.051871299743652344,0.0,0.05301666259765625,0.0,0.14249801635742188,0.0,0.0,0.0,0.0,0.014174461364746094,0.007105827331542969,0.0,0.0,0.0,0.0,0.0,0.0,0.0,0.06893730163574219,0.0,0.0,0.0,0.0,0.0,0.0,0.0,0.0,0.0,0.0,0.0,0.0,0.0,0.0,0.0,0.0,0.0,0.0,0.0,0.0,0.0,0.0,0.01789569854736328,0.0,0.0,0.0,0.0,0.0,0.0,0.0,0.0,0.0,0.0,0.0,0.0,0.0,0.0,0.0,0.0,0.0,0.0,0.0,0.0,0.0,0.0,0.0,0.0,0.0,0.0,0.0,0.0,0.0,0.0,0.0,0.0,0.0,0.0,0.0,0.0,0.0046710968017578125,0.0,0.0,0.0,0.0,0.0,0.0,0.00023746490478515625,0.0,0.0,0.0,0.0,0.0,0.0,0.0,0.0,0.0,0.0,0.0,0.0,0.0,0.0,0.0,0.0,0.0,0.0,0.0,0.0,0.0,0.0,0.0,0.0,0.0,0.0,0.0,0.0,0.0,0.0,0.0,0.0,0.0,0.0,0.0,0.0,0.0,0.0,0.0,0.0,0.0,0.0,0.0,0.0,0.0,0.0,0.0,0.010741233825683594,0.0,0.0030879974365234375,0.0,0.0,0.0,0.0,0.0,0.0,0.0,0.0,0.0,0.0,0.0
corr_image_56.jpg,0.0,0.3150606155395508,0.16864395141601562,0.0,0.05747222900390625,0.0,0.10561466217041016,0.0,0.0,0.0,0.0,0.2401447296142578,0.024980545043945312,0.0,0.0,0.0018739700317382812,0.0,0.0,0.0,0.012180328369140625,0.0025501251220703125,0.0,0.0,0.0,0.0,0.0,0.0,0.0,0.0,0.0,0.0,0.0,0.0,0.0,0.0,0.0,0.0,0.0,0.0,0.0,0.0,0.0,0.0,0.00036716461181640625,0.0,0.0,0.0,0.0,0.0,0.0,0.0,0.0,0.0,0.0,0.0,0.0,0.0,0.0,0.0,0.0,0.0,0.0,0.0,0.0,0.0,0.0,0.0,0.0,0.0,0.0,0.0,0.0,0.0,0.0,0.0,0.0,0.0,0.0,0.0,0.0,0.03050708770751953,0.0,0.0,0.0,0.0,0.0,0.018340110778808594,0.022065162658691406,0.0,0.0,0.0,0.0,0.0,0.0,0.0,0.0,0.0,0.0,0.0,0.0,0.0,0.0,0.0,0.0,0.0,0.0,0.0,0.0,0.0,0.0,0.0,0.0,0.0,0.0,0.0,0.0,0.0,0.0,0.0,0.0,0.0,0.0,0.0,0.0,0.0,0.0,0.0,0.0,0.0,0.0,0.0,0.0,0.0,0.0,0.0,0.00019931793212890625,0.0,0.0,0.0,0.0,0.0,0.0,0.0,0.0,0.0,0.0,0.0,0.0,0.0
corr_image_57.jpg,0.0,0.22868919372558594,0.33850669860839844,0.0,0.0020685195922851562,0.0,0.22969436645507812,0.0,0.0,0.0,0.0,0.05303382873535156,0.011721611022949219,0.0,0.0,0.0,0.0,0.00022220611572265625,0.0,0.0,0.08427619934082031,0.0,0.0,0.0,0.0,0.0,0.0,0.0,0.0,0.0,0.0,0.0,0.0,0.0,0.0,0.0,0.0,0.0,0.0,0.0,0.0019588470458984375,0.0,0.0,0.0006875991821289062,0.0,0.0,0.0,0.0,0.0,0.0,0.0,0.0,0.0,0.0,0.0,0.0,0.0,0.0,0.0,0.0,0.0,0.0,0.0,0.0,0.0,0.0,0.0,0.0,0.0,0.0,0.0,0.0,0.038649559020996094,0.0,0.0,0.0,0.0,0.0,0.0,0.0,0.0,0.0,0.0,0.0,0.0,0.0,0.001613616943359375,0.0019664764404296875,0.0,0.0,0.0,0.0,0.0,0.0,0.0,0.0,0.0,0.0,0.0,0.0,0.0,0.0,0.0006685256958007812,0.0,0.0,0.0,0.0,0.0,0.0,0.0,0.0,0.0,0.0,0.0,0.0,0.0,0.004519462585449219,0.0,0.0,0.0,0.0,0.0,0.0,0.00055694580078125,0.0,0.0,0.0,0.0011663436889648438,0.0,0.0,0.0,0.0,0.0,0.0,0.0,0.0,0.0,0.0,0.0,0.0,0.0,0.0,0.0,0.0,0.0,0.0,0.0,0.0,0.0
corr_image_58.jpg,0.0019550323486328125,0.2865562438964844,0.1889791488647461,0.0,0.050937652587890625,0.0,0.3179454803466797,0.0,0.0,0.00014591217041015625,0.0,0.07001495361328125,0.03384208679199219,0.0,0.0,0.0,0.0,0.0067195892333984375,0.0,0.0,0.008883476257324219,0.0,0.0,0.0,0.0,0.0,0.0,0.0,0.0,0.0,0.0,0.0,0.0,0.0,0.0,0.0,0.0,0.0,0.0,0.0,0.0,0.0,0.0,0.00362396240234375,0.0,0.0,0.0,0.0,0.0,0.0,0.0,0.0,0.0,0.0,0.0,0.0,0.0,0.0,0.0,0.0,0.0,0.0,0.0,0.0,0.0,0.0,0.0,0.0,0.0,0.0,0.0,0.0,0.0,0.0,0.0,0.0,0.0,0.0,0.0,0.0,0.0095062255859375,0.0,0.0,0.006760597229003906,0.0,0.0,0.0,0.009211540222167969,0.0,0.0,0.0,0.0,0.0,0.0,0.0,0.0,0.0,0.0,0.0,0.0,0.0,0.0,0.004913330078125,0.0,0.0,0.0,0.0,0.0,0.0,0.0,0.0,0.0,0.0,0.0,0.0,0.0,0.0,0.0,0.0,0.0,0.0,0.0,0.0,0.0,0.0,0.0,0.0,0.0,0.0,0.0,0.0,0.0,0.0,0.0,0.0,4.76837158203125e-06,0.0,0.0,0.0,0.0,0.0,0.0,0.0,0.0,0.0,0.0,0.0,0.0,0.0
corr_image_59.jpg,0.0,0.3647279739379883,0.2045450210571289,0.0,0.017327308654785156,0.0,0.21250247955322266,0.0,0.0,0.0,0.0,0.13644981384277344,0.028725624084472656,0.0,0.0,0.0,0.0,0.003907203674316406,0.0,0.0008907318115234375,0.011804580688476562,0.0,0.0,0.0,0.0,0.0,0.0,0.0,0.0,0.0,0.0,0.0,0.0,0.0,0.0,0.0,0.0,0.0,0.0,0.0,0.0,0.0,0.0,0.0,0.0,0.0,0.0,0.0,0.0,0.0,0.0,0.0,0.0,0.0,0.0,0.0,0.0,0.0,0.0,0.0,0.0,0.0,0.0,0.0,0.0,0.0,0.0,0.0,0.0,0.0,0.0,0.0,0.0,0.0,0.0,0.0,0.0,0.0,0.0,0.0,0.013365745544433594,0.0,0.0,0.0,0.0,0.0,0.0,0.001590728759765625,0.0,0.0,0.0,0.0,0.0,0.0,0.0,0.0,0.0,0.0,0.0,0.0,0.0,0.0,0.0007486343383789062,0.0,0.0,0.0,0.0,0.0,0.0,0.0,0.0,0.0,0.0,0.0,0.0,0.0,0.0,0.0,0.0,0.0,0.0,0.0,0.0,0.0,0.0,0.003414154052734375,0.0,0.0,0.0,0.0,0.0,0.0,0.0,0.0,0.0,0.0,0.0,0.0,0.0,0.0,0.0,0.0,0.0,0.0,0.0,0.0,0.0,0.0,0.0
corr_image_6.jpg,0.0,0.3879690170288086,0.14503860473632812,0.0,0.07728862762451172,0.0,0.2330770492553711,0.0,0.0,0.0,0.0,0.012235641479492188,0.016013145446777344,0.0,0.0,0.0,0.0,0.0007877349853515625,0.0,0.0,0.10311698913574219,0.0,0.0,0.0,0.0,0.0,0.0,0.0,0.0,0.0,0.0,0.0,0.0,0.0,0.0,0.0,0.0,0.0,0.0,0.0,0.0,0.0,0.0,0.02279376983642578,0.0,0.0,0.0,0.0,0.0,0.0,0.0,0.0,0.0,0.0,0.0,0.0,0.0,0.0,0.0,0.0,0.0,0.0,0.0,0.0,0.0,0.0,0.0,0.0,0.0,0.0,0.0,0.0,0.0,0.0,0.0,0.0,0.0,0.0,0.0,0.0,0.0,0.0,0.0,0.0,0.0,0.0,0.0,0.0005626678466796875,0.0,0.0,0.0,0.0,0.0,0.0,0.0,0.0,0.0,0.0,0.0,0.0,0.0,0.0,0.0,0.0,0.0,0.0,0.0,0.0,0.0,0.0,0.0,0.0,0.0,0.0,0.0,0.0,0.0,0.0,0.0,0.0,0.0,0.0,0.0,0.0,0.0,0.0,0.0,0.0,0.0,0.0,0.0,0.0,0.0,0.0,0.0,0.0011167526245117188,0.0,0.0,0.0,0.0,0.0,0.0,0.0,0.0,0.0,0.0,0.0,0.0,0.0
corr_image_60.jpg,0.0,0.4018878936767578,0.25876522064208984,0.0,0.0003757476806640625,0.0,0.10793209075927734,0.0,0.0,0.0,0.0,0.12091827392578125,0.03513145446777344,0.0,0.0,0.0,0.0,0.0,0.0,0.00032520294189453125,0.03331947326660156,0.0,0.0,0.0,0.0,0.0,0.0,0.0,0.0,0.0,0.0,0.0,0.0,0.0,0.0,0.0,0.0,0.0,0.0,0.0,0.0,0.0,0.0,0.00283050537109375,0.0,0.0,0.0,0.0,0.0,0.0,0.0,0.0,0.0,0.0,0.0,0.0,0.0,0.0,0.0,0.0,0.0,0.0,0.0,0.0,0.0,0.0,0.0,0.0,0.0,0.0,0.0,0.0,0.0,0.0,0.0,0.0,0.0,0.0,0.0,0.0,0.006718635559082031,0.0,0.0,0.0,0.0,0.0,0.000843048095703125,0.0034189224243164062,0.0,0.0,0.0,0.0,0.0,0.00023937225341796875,0.0,0.0,0.0,0.0,0.0,0.0,0.0,0.0,0.0,0.0,0.0,0.0,0.0,0.0,0.0,0.0,0.0,0.0,0.0,0.0,0.0,0.0,0.0,0.0,0.0,0.0,0.0,0.0,0.0,7.343292236328125e-05,0.0,0.0,0.0,0.0,0.0,0.0,0.0,0.0,0.0,0.0,0.0,0.00014019012451171875,0.0,0.027080535888671875,0.0,0.0,0.0,0.0,0.0,0.0,0.0,0.0,0.0,0.0,0.0
corr_image_61.jpg,0.0019845962524414062,0.3746223449707031,0.19690990447998047,0.0,0.00017070770263671875,0.0,0.31496715545654297,0.0,0.0,0.0,0.0,0.0625314712524414,0.027899742126464844,0.0,0.0,0.0,0.0,0.0,0.0,0.0,0.010923385620117188,0.0,0.0,0.0,0.0,0.0,0.0,0.0,0.0,0.0,0.0,0.0,0.0,0.0,0.0,0.0,0.0,0.0,0.0,0.0,0.0005998611450195312,0.0,0.0,0.0,0.0,0.0,0.0,0.0,0.0,0.0,0.0,0.0,0.0,0.0,0.0,0.0,0.0,0.0,0.0,0.0,0.0,0.0,0.0,0.0,0.0,0.0,0.0,0.0,0.0,0.00096893310546875,0.0,0.0,0.0,0.0,0.0,0.0,0.0,0.0,0.0,0.0,0.0,0.0,0.0,0.0,0.0,0.0,0.0,0.0005016326904296875,0.0,0.0,0.0,0.0,0.0,1.049041748046875e-05,0.0,0.0,0.0,0.0,0.0,0.0,0.0,0.0,0.0,0.0,0.0005817413330078125,0.0,0.0,0.0,0.0,0.0,0.0,0.0,0.0,0.0,0.0,0.0,0.0,0.0,0.0,0.0,0.0,0.0,0.0,0.0,0.0,0.0,0.0,0.0021800994873046875,0.0,0.0,0.0,0.0,0.0,0.0,0.0,0.0018663406372070312,0.0,0.0032815933227539062,0.0,0.0,0.0,0.0,0.0,0.0,0.0,0.0,0.0,0.0,0.0
corr_image_62.jpg,0.0,0.4179048538208008,0.1334543228149414,0.0,0.09599685668945312,0.0,0.1946725845336914,0.0,0.0,0.0,0.0,0.02173614501953125,0.05329132080078125,0.0,0.0,0.0,0.0,0.0,0.0,0.0,0.06750202178955078,0.0,0.0,0.0,0.0,0.0,0.0,0.0,0.0,0.0,0.0,0.0,0.0,0.0,0.0,0.0,0.0,0.0,0.0,0.0,0.0,0.0,0.0,0.0028905868530273438,0.0,0.0,0.0,0.0,0.0,0.0,0.0,0.0,0.0,0.0,0.0,0.0,0.0,0.0,0.0,0.0,0.0,0.0,0.0,0.0,0.0,0.0,0.0,0.0,0.0,0.0,0.0,0.0,0.0,0.0,0.0,0.0,0.0,0.0,0.0,0.0,0.00664520263671875,0.0,0.0,0.0,0.0,0.0,0.005377769470214844,0.0005283355712890625,0.0,0.0,0.0,0.0,0.0,0.0,0.0,0.0,0.0,0.0,0.0,0.0,0.0,0.0,0.0,0.0,0.0,0.0,0.0,0.0,0.0,0.0,0.0,0.0,0.0,0.0,0.0,0.0,0.0,0.0,0.0,0.0,0.0,0.0,0.0,0.0,0.0,0.0,0.0,0.0,0.0,0.0,0.0,0.0,0.0,0.0,0.0,0.0,0.0,0.0,0.0,0.0,0.0,0.0,0.0,0.0,0.0,0.0,0.0,0.0,0.0
corr_image_63.jpg,0.0,0.22697162628173828,0.3971529006958008,0.0,0.023174285888671875,0.0,0.2281026840209961,0.0,0.0,0.0,0.0,0.020890235900878906,0.014578819274902344,0.0,0.0,0.0,0.0,0.0,0.0,0.0,0.042510032653808594,0.0,0.0,0.0,0.0,0.0,0.0,0.0,0.0,0.0,0.0,0.0,0.0,0.0,0.0,0.0,0.0,0.0,0.0,0.0,0.0,0.0,0.0,0.0,0.0,0.0,0.0,0.0,0.0,0.0,0.0,0.0,0.0,0.0,0.0,0.0,0.0,0.0,0.0,0.0,0.0,0.0,0.0,0.0,0.0,0.0,0.0,0.0,0.0,0.0,0.0,0.0,0.02507781982421875,0.0,0.0,0.0,0.0,0.0,0.0,0.0,0.01700305938720703,0.0,0.0,0.0,0.0,0.0,0.000499725341796875,0.0009775161743164062,0.0,0.0,0.0,0.0,0.0,2.384185791015625e-05,0.0,0.0,0.0,0.0,0.0,0.0,0.0,0.0,0.0,0.0,0.0,0.0,0.0,0.0,0.0,0.0,0.0,0.0,0.0,0.0,0.0,0.0,0.0,0.0,0.0,0.0,0.0,0.0,0.0,0.0,0.0,0.0,0.0,0.0,0.0,0.0,0.0,0.0,0.0,0.0,0.0,0.0024614334106445312,0.0,0.000576019287109375,0.0,0.0,0.0,0.0,0.0,0.0,0.0,0.0,0.0,0.0,0.0
corr_image_64.jpg,0.0,0.46394920349121094,0.09402084350585938,0.0,0.08869171142578125,0.0,0.26486682891845703,0.0,0.0,0.0,0.0,0.03171825408935547,0.011533737182617188,0.0,0.0,0.0,0.0,0.0,0.0,0.0,0.03574371337890625,0.0,0.0,0.0,0.0,0.0,0.0,0.0,0.0,0.0,0.0,0.0,0.0,0.0,0.0,0.0,0.0,0.0,0.0,0.0,0.0,0.0,0.0,0.0,0.0,0.0,0.0,0.0,0.0,0.0,0.0,0.0,0.0,0.0,0.0,0.0,0.0,0.0,0.0,0.0,0.0,0.0,0.0,0.0,0.0,0.0,0.0,0.0,0.0,0.0,0.0,0.0,0.0,0.0,0.0,0.0,0.0,0.0,0.0,0.0,0.004253387451171875,0.0,0.0,0.0,0.0,0.0,0.0024089813232421875,0.0001850128173828125,0.0,0.0,0.0,0.0,0.0,0.0,0.0,0.0,0.0,0.0,0.0,0.0,0.0,0.0,0.0,0.0,0.0,0.0,0.0,0.0,0.0,0.0,0.0,0.0,0.0,0.0,0.0,0.0,0.0,0.0,0.0,0.0,0.0,0.0,0.0,0.0,0.0,0.0,0.0,0.0,0.0,0.0,0.0,0.0,0.0,0.0,0.0,0.0,0.0,0.002628326416015625,0.0,0.0,0.0,0.0,0.0,0.0,0.0,0.0,0.0,0.0,0.0
corr_image_65.jpg,0.0,0.4104118347167969,0.1902608871459961,0.0,0.0902853012084961,0.0,0.2227039337158203,0.0,0.0,0.0,0.0,0.026088714599609375,0.009366035461425781,0.0,0.0,0.0,0.0,0.0,0.0,0.0,0.03267383575439453,0.0,0.0,0.0,0.0,0.0,0.0,0.0,0.0,0.0,0.0,0.0,0.0,0.0,0.0,0.0,0.0,0.0,0.0,0.0,0.0,0.0,0.0,0.0,0.0,0.0,0.0,0.0,0.0,0.0,0.0,0.0,0.0,0.0,0.0,0.0,0.0,0.0,0.0,0.0,0.0,0.0,0.0,0.0,0.0,0.0,0.0,0.0,0.0,0.0,0.0,0.0,0.0,0.0,0.0,0.0,0.0,0.0,0.0,0.0,0.00850677490234375,0.0,0.0,0.0,0.0,0.0,0.0,0.000247955322265625,0.0,0.0,0.0,0.0,0.0,0.00010776519775390625,0.0,0.0,0.0,0.0,0.0,0.0,0.0,0.0,0.0,0.0,0.0,0.0,0.0,0.0,0.0,0.0,0.0,0.0,0.0,0.0,0.0,0.0,0.0,0.0,0.0,0.0,0.0,0.0,0.0,0.009346961975097656,0.0,0.0,0.0,0.0,0.0,0.0,0.0,0.0,0.0,0.0,0.0,0.0,0.0,0.0,0.0,0.0,0.0,0.0,0.0,0.0,0.0,0.0,0.0,0.0,0.0
corr_image_66.jpg,0.0018434524536132812,0.1574840545654297,0.3275747299194336,0.0,0.07042312622070312,0.0,0.2001323699951172,0.0,0.0,0.010039329528808594,0.0,0.05621528625488281,0.004085540771484375,0.00011444091796875,0.0,0.0,0.0073833465576171875,0.009037017822265625,0.0,0.0,0.11093711853027344,0.0,0.0,0.0,0.0,0.0,0.0,0.0,0.0,0.0,0.0,0.0,0.000640869140625,0.0,0.0,0.0,0.0,0.0,0.0,0.0,0.0,0.0,0.0,0.0,0.0,0.0,0.0,0.0,0.0,0.0,0.0,0.0,1.9073486328125e-06,0.0,0.0,0.0,0.0,0.0,0.0,0.0,0.0,0.0,0.0,0.0,0.0,0.0,0.0,0.0,0.0,0.0,0.0,0.0,0.03326225280761719,0.0,0.0,0.0,0.0,0.0,0.0,0.0,0.0,0.0,0.0,0.0,0.0,0.0,0.008015632629394531,0.0024871826171875,0.0,0.0,0.0,0.0,0.0,0.0,0.0,0.0,0.0,0.0,0.0,0.0,0.0,0.0,0.0,0.0,0.0,0.0,0.0,0.0,0.0,0.0,0.0,0.0,0.0,0.0,0.0,0.0,0.0003223419189453125,0.0,0.0,0.0,0.0,0.0,0.0,0.0,0.0,0.0,0.0,0.0,0.0,0.0,0.0,0.0,0.0,0.0,0.0,0.0,0.0,0.0,0.0,0.0,0.0,0.0,0.0,0.0,0.0,0.0,0.0,0.0,0.0
corr_image_67.jpg,0.0,0.5500459671020508,0.06660270690917969,0.0,0.09181022644042969,0.0,0.22344017028808594,0.0,0.0,0.0,0.0,0.019797325134277344,0.007281303405761719,0.0,0.0,0.0,0.0,0.0,0.0,0.0,0.028749465942382812,0.0,0.0,0.0,0.0,0.0,0.0,0.0,0.0,0.0,0.0,0.0,0.0,0.0,0.0,0.0,0.0,0.0,0.0,0.0,0.0,0.0,0.0,0.0,0.0,0.0,0.0,0.0,0.0,0.0,0.0,0.0,0.0,0.0,0.0,0.0,0.0,0.0,0.0,0.0,0.0,0.0,0.0,0.0,0.0,0.0,0.0,0.0,0.0,0.0,0.0,0.0,0.0,0.0,0.0,0.0,0.0,0.0,0.0,0.0,0.0,0.0,0.0,0.002246856689453125,0.0,0.0,0.0021753311157226562,0.0010395050048828125,0.0,0.0,0.0,0.0,0.0,0.0,0.0,0.0,0.0,0.0,0.0,0.0,0.0,0.0,0.0002269744873046875,0.0,0.0,0.0,0.0,0.0,0.0,0.0,0.0,0.0,0.0,0.0,0.0,0.0,0.0,0.0,0.0,0.0,0.0,0.0,0.0,0.0,0.0,0.0,0.0,0.0,0.0,0.0,0.0,0.0,0.0,0.0,0.0,0.0018053054809570312,0.0,0.004778861999511719,0.0,0.0,0.0,0.0,0.0,0.0,0.0,0.0,0.0,0.0,0.0
corr_image_68.jpg,0.0,0.014115333557128906,0.3436594009399414,0.0,0.19327449798583984,0.0,0.3166837692260742,0.0,0.0,0.05610847473144531,0.0,0.03414344787597656,0.0,0.0,0.0,0.0,0.0,0.006262779235839844,0.0,0.0,0.00726318359375,0.0,0.0,0.0,0.0,0.027658462524414062,0.0,0.0,0.0,0.0,0.0,0.0,0.0,0.0,0.0,0.0,0.0,0.0,0.0,0.0,0.0,0.0,0.0,0.0,0.0,0.0,0.0,0.0,0.0,0.0,0.0,0.0,0.0,0.0,0.0,0.0,0.0,0.0,0.0,0.0,0.0,0.0,0.0,0.0,0.0,0.0,0.0,0.0,0.0,0.0,0.0,0.0,0.0,0.0,0.0,0.0,0.0,0.0,0.0,0.0,0.0,0.0,0.0,0.0,0.0,0.0,0.0,0.0005674362182617188,0.0,0.0,0.0,0.0,0.0,0.0,0.0,0.0,0.0,0.0,0.0,0.0,0.0,0.0,0.0,0.0,0.0,0.0,0.0,0.0,0.0,0.0,0.0,0.0,0.0,0.0,0.0,0.0,0.0,0.0,0.0,0.0,0.0,0.0,0.0,0.0,0.0,0.0,0.0,0.0,0.0,0.0,0.0,0.0,0.0,0.0,0.0,0.0,0.0,0.000263214111328125,0.0,0.0,0.0,0.0,0.0,0.0,0.0,0.0,0.0,0.0,0.0
corr_image_69.jpg,0.0,0.3687019348144531,0.2353200912475586,0.0,0.000148773193359375,0.0,0.30072498321533203,0.0,0.0,0.0,0.0,0.016813278198242188,0.008653640747070312,0.0,0.0,0.0,0.0,0.0,0.0,0.0,0.021109580993652344,0.0,0.0,0.0,0.0,0.0,0.0,0.0,0.0,0.0,0.0,0.0,0.0,0.0,0.0,0.0,0.0,0.0,0.0,0.0,0.0,0.0,0.0,0.0007429122924804688,0.0,0.0,0.0,0.0,0.0,0.0,0.0,0.0,0.0,0.0,0.0,0.0,0.0,0.0,0.0,0.0,0.0,0.0,0.0,0.0,0.0,0.0,0.0,0.0,0.0,0.0,0.0,0.0,0.0,0.0,0.0,0.0,0.0,0.0,0.0,0.0,0.026569366455078125,0.0,0.0,0.0,0.0,0.0,0.01725482940673828,0.00018405914306640625,0.0,0.0,0.0,0.0,0.0,0.0,0.0,0.0,0.0,0.0,0.0,0.0,0.0,0.0,0.00014400482177734375,0.0,0.0,0.0,0.0,0.0,0.0,0.0,0.0,0.0,0.0,0.0,0.0,0.0,0.0,0.0,0.0,0.0,0.0,0.0,0.0,0.0,0.0,4.100799560546875e-05,0.0,0.0,0.0,0.0,0.0,0.0,0.0,0.0,0.0,0.0009775161743164062,0.0,0.0026140213012695312,0.0,0.0,0.0,0.0,0.0,0.0,0.0,0.0,0.0,0.0,0.0
corr_image_7.jpg,0.0,0.36733531951904297,0.1262054443359375,0.0,0.10812664031982422,0.0,0.20305442810058594,0.0,0.0,0.0,0.0,0.11351871490478516,0.04724407196044922,0.0,0.0,0.0,0.0,0.017581939697265625,0.0,9.72747802734375e-05,0.00359344482421875,0.0,0.0,0.0,0.0,0.0,0.0,0.0,0.0,0.0,0.0,0.0,0.0,0.0,0.0,0.0,0.0,0.0,0.0,0.0,0.0,0.0,0.0,0.0,0.0,0.0,0.0,0.0,0.0,0.0,0.0,0.0,0.0,0.0,0.0,0.0,0.0,0.0,0.0,0.0,0.0,0.0,0.0,0.0,0.0,0.0,0.0,0.0,0.0,0.000385284423828125,0.0,0.0,0.0049686431884765625,0.0,0.0,0.0,0.0,0.0,0.0,0.0,0.0,0.0,0.0,0.0,0.0,0.0,0.0,0.00047397613525390625,0.0,0.0,0.0,0.0,0.0,0.0034017562866210938,0.0,0.0,0.0,0.0,0.0,0.0,0.0,0.0,0.0019702911376953125,0.0,0.0,0.0,0.0,0.0,0.0,0.0,0.0,0.0,0.0,0.0,0.0,0.0,0.0,0.0,0.0,0.0,0.0,0.0,0.0,0.0,0.0,0.0,0.0,0.0020427703857421875,0.0,0.0,0.0,0.0,0.0,0.0,0.0,0.0,0.0,0.0,0.0,0.0,0.0,0.0,0.0,0.0,0.0,0.0,0.0,0.0,0.0
corr_image_70.jpg,0.0,0.19215774536132812,0.2802267074584961,0.0,0.23142147064208984,0.0,0.21419239044189453,0.0,0.0,0.006161689758300781,0.0,0.03285026550292969,0.014094352722167969,0.0,0.0,0.0,0.0,0.0,0.0,0.0,0.0162200927734375,0.0,0.0,0.0,0.0,0.0,0.0,0.0,0.0,0.0,0.0,0.0,0.0,0.0,0.0,0.0,0.0,0.0,0.0,0.0,0.0,0.0,0.0,0.005049705505371094,0.0,0.0,0.0,0.0,0.0,0.0,0.0,0.0,0.0,0.0,0.0,0.0,0.0,0.0,0.0,0.0,0.0,0.0,0.0,0.0,0.0,0.0,0.0,0.0,0.0,0.0,0.0,0.0,0.0,0.0,0.0,0.0,0.0,0.0,0.0,0.0,0.0,0.0,0.0,0.0,0.0,0.0,0.000392913818359375,0.0026988983154296875,0.0,0.0,0.0,0.0,0.0,0.0,0.0,0.0,0.0,0.0,0.0,0.0,0.0,0.0,0.0,0.0,0.0,0.0,0.0,0.0,0.0,0.0,0.0,0.0,0.0,0.0,0.0,0.0,0.0,0.0,0.0,0.0,0.0,0.0,0.0,0.0,0.0,0.0,0.0,0.0045337677001953125,0.0,0.0,0.0,0.0,0.0,0.0,0.0,0.0,0.0,0.0,0.0,0.0,0.0,0.0,0.0,0.0,0.0,0.0,0.0,0.0,0.0
corr_image_71.jpg,0.0,0.5301666259765625,0.05399799346923828,0.0,0.03239917755126953,0.0,0.2366352081298828,0.0,0.0,0.0,0.0,0.0306854248046875,0.010373115539550781,0.0,0.0,0.0,0.0,0.0030584335327148438,0.0,0.0,0.014122962951660156,0.0,0.0,0.0,0.0,0.0,0.0,0.0,0.0,0.0,0.0,0.0,0.0,0.0,0.0,0.0,0.0,0.0,0.0,0.0,0.0,0.0,0.0,0.008452415466308594,0.0,0.0,0.0,0.0,0.0,0.0,0.0,0.0,0.0,0.0,0.0,0.0,0.0,0.0,0.0,0.0,0.0,0.0,0.0,0.0,0.0,0.0,0.0,0.0,0.0,0.0,0.0,0.0,0.0,0.0,0.0,0.0,0.0,0.0,0.0,0.0,0.057387351989746094,0.0,0.0,0.0,0.0,0.0,0.0,0.0017309188842773438,0.0,0.0,0.0,0.0,0.0,0.0,0.0,0.0,0.0,0.0,0.0,0.0,0.0,0.0,0.0039501190185546875,0.0,0.0,0.0,0.0,0.0,0.0,0.0,0.0,0.0,0.0,0.0,0.0,0.0,0.0,0.0,0.0,0.0,0.0,0.0,0.0,0.0,0.0,0.014163017272949219,0.0,0.0,0.0,0.0,0.0,0.0,0.0,0.0,0.0,0.0006189346313476562,0.0,0.00225830078125,0.0,0.0,0.0,0.0,0.0,0.0,0.0,0.0,0.0,0.0,0.0
corr_image_72.jpg,0.0023584365844726562,0.2399158477783203,0.11270999908447266,0.0,0.2714195251464844,0.0,0.2326641082763672,0.0,0.0,0.0,0.0,0.045647621154785156,0.008347511291503906,0.0,0.0,0.0,0.0,0.000728607177734375,0.0,0.0,0.07828617095947266,0.0,0.0,0.0,0.0,0.0,0.0,0.0,0.0,0.0,0.0,0.0,0.007452964782714844,0.0,0.0,0.0,0.0,0.0,0.0,0.0,0.0,0.0,0.0,0.0,0.0,0.0,0.0,0.0,0.0,0.0,0.0,0.0,0.0,0.0,0.0,0.0,0.0,0.0,0.0,0.0,0.0,0.0,0.0,0.0,0.0,0.0,0.0,0.0,0.0,0.0,0.0,0.0,0.0,0.0,0.0,0.0,0.0,0.0,0.0,0.0,0.0,0.0,0.0,0.0,0.0,0.0,0.0,0.000469207763671875,0.0,0.0,0.0,0.0,0.0,0.0,0.0,0.0,0.0,0.0,0.0,0.0,0.0,0.0,0.0,0.0,0.0,0.0,0.0,0.0,0.0,0.0,0.0,0.0,0.0,0.0,0.0,0.0,0.0,0.0,0.0,0.0,0.0,0.0,0.0,0.0,0.0,0.0,0.0,0.0,0.0,0.0,0.0,0.0,0.0,0.0,0.0,0.0,0.0,0.0,0.0,0.0,0.0,0.0,0.0,0.0,0.0,0.0,0.0,0.0,0.0
corr_image_73.jpg,0.0,0.4261159896850586,0.24793624877929688,0.0,0.008428573608398438,0.0,0.20205020904541016,0.0,0.0,0.0,0.0,0.04981517791748047,0.012989997863769531,0.0,0.0,0.0,0.0,0.004672050476074219,0.0,0.0,0.01786041259765625,0.0,0.0,0.0,0.0,0.0,0.0,0.0,0.0,0.0,0.0,0.0,0.0,0.0,0.0,0.0,0.0,0.0,0.0,0.0,0.0,0.0,0.0,0.0,0.0,0.0,0.0,0.0,0.0,0.0,0.0,0.0,0.0,0.0,0.0,0.0,0.0,0.0,0.0,0.0,0.0,0.0,0.0,0.0,0.0,0.0,0.0,0.0,0.0,0.0,0.0,0.0,0.0,0.0,0.0,0.0,0.0,0.0,0.0,0.0,0.004342079162597656,0.0,0.0,0.0,0.0,0.0,0.0107421875,0.0061130523681640625,0.0,0.0,0.0,0.0,0.0,0.0013284683227539062,0.0,0.0,0.0,0.0,0.0,0.0,0.0,0.0,0.0,0.0,0.0,0.0,0.0,0.0,0.0,0.0,0.0,0.0,0.0,0.0,0.0,0.0,0.0,0.0,0.0,0.0,0.0,0.0,0.0,0.00287628173828125,0.0,0.0044384002685546875,0.0,0.0,0.0,0.0,0.0,0.0,0.0,0.0,0.0,0.0,0.0,0.00029087066650390625,0.0,0.0,0.0,0.0,0.0,0.0,0.0,0.0,0.0,0.0,0.0
corr_image_74.jpg,0.0,0.3613471984863281,0.17497634887695312,0.0,0.08063220977783203,0.0,0.20028305053710938,0.0,0.0,0.0,0.0,0.10877704620361328,0.03240489959716797,0.0,0.0,0.0,0.0,0.00029754638671875,0.0,0.0,0.0076808929443359375,0.0,0.0,0.0,0.0,0.0,0.0,0.0,0.0,0.0,0.0,0.0,0.0,0.0,0.0,0.0,0.0,0.0,0.0,0.0,0.0,0.0,0.0,0.0,0.0,0.0,0.0,0.0,0.0,0.0,0.0,0.0,0.0,0.0,0.0,0.0,0.0,0.0,0.0,0.0,0.0,0.0,0.0,0.0,0.0,0.0,0.0,0.0,0.0,0.0,0.0,0.0,0.0,0.0,0.0,0.0,0.0,0.0,0.0,0.0,0.014354705810546875,0.0,0.0,0.0,0.009016990661621094,0.0,0.0,0.0021505355834960938,0.0,0.0,0.0,0.0,0.0,0.0015468597412109375,0.0,0.0,0.0,0.0,0.0,0.0,0.0,0.0,0.0,0.0,0.0,0.0,0.0,0.0,0.0,0.0,0.0,0.0,0.0,0.0,0.0,0.0,0.0022907257080078125,0.0,0.0,0.0,0.0,0.0,0.0,0.0,0.0,0.0,0.0,0.0011081695556640625,0.0,0.0,0.0,0.0,0.0,0.0,0.0,0.0,0.0,0.0008144378662109375,0.0,0.0,0.0,0.0,0.0,0.0,0.0,0.0,0.0,0.0023183822631835938,0.0
corr_image_75.jpg,0.0,0.49289798736572266,0.05879497528076172,0.0,0.060822486877441406,0.0,0.31134700775146484,0.0,0.0,0.0,0.0,0.017704010009765625,0.01639556884765625,0.0,0.0,0.0,0.0,0.0,0.0,0.0,0.02407073974609375,0.0,0.0,0.0,0.0,0.0,0.0,0.0,0.0,0.0,0.0,0.0,0.0,0.0,0.0,0.0,0.0,0.0,0.0,0.0,0.0,0.0,0.0,0.0012083053588867188,0.0,0.0,0.0,0.0,0.0,0.0,0.0,0.0,0.0,0.0,0.0,0.0,0.0,0.0,0.0,0.0,0.0,0.0,0.0,0.0,0.0,0.0,0.0,0.0,0.0,0.0,0.0,0.0,0.0,0.0,0.0,0.0,0.0,0.0,0.0,0.0,0.007792472839355469,0.0,0.0,0.0,0.0,0.0,0.0038385391235351562,0.00041675567626953125,0.0,0.0,0.0,0.0,0.0,0.0,0.0,0.0,0.0,0.0,0.0,0.0,0.0,0.0,0.0016412734985351562,0.0,0.0,0.0,0.0,0.0,0.0,0.0,0.0,0.0,0.0,0.0,0.0,0.0,0.0,0.0,0.0,0.0,0.0,0.0,0.0,0.0,0.0,0.0,0.0,0.0,0.0,0.0,0.0,0.0,0.0,0.0,0.0,0.0030698776245117188,0.0,0.0,0.0,0.0,0.0,0.0,0.0,0.0,0.0,0.0,0.0,0.0,0.0
corr_image_76.jpg,0.0,0.5626420974731445,0.07732105255126953,0.0,0.03988170623779297,0.0,0.18688678741455078,0.0,0.0,0.0,0.0,0.015020370483398438,0.009593963623046875,0.0,0.0,0.0,0.0,0.0037984848022460938,0.0,0.0,0.053795814514160156,0.0,0.0,0.0,0.0,0.0,0.0,0.0,0.0,0.0,0.0,0.0,0.0,0.0,0.0,0.0,0.0,0.0,0.0,0.0,0.0,0.0,0.0,0.0,0.0,0.0,0.0,0.0,0.0,0.0,0.0,0.0,0.0,0.0,0.0,0.0,0.0,0.0,0.0,0.0,0.0,0.0,0.0,0.0,0.0,0.0,0.0,0.0,0.0,0.0,0.0,0.0,0.029664039611816406,0.0,0.0,0.0,0.0,0.0,0.0,0.0,0.0,0.0,0.0,0.0,0.0,0.0,0.012133598327636719,0.0038242340087890625,0.0,0.0,0.0,0.0,0.0,0.0,0.0,0.0,0.0,0.0,0.0,0.0,0.0,0.0,0.0,0.0,0.0,0.0,0.0,0.0,0.0,0.0,0.0,0.0,0.0,0.0,0.0,0.0,0.0,0.0,0.0,0.0,0.0,0.0,0.0,0.0,0.0,0.0,0.0,0.0,0.0,0.0,0.0,0.0,0.0,0.0,0.0,0.0047550201416015625,0.0,0.000682830810546875,0.0,0.0,0.0,0.0,0.0,0.0,0.0,0.0,0.0,0.0,0.0
corr_image_77.jpg,0.0,0.1768321990966797,0.3322896957397461,0.0,0.0642995834350586,0.0,0.3505239486694336,0.0,0.0,0.0,0.0,0.028435707092285156,0.0049228668212890625,0.0,0.0,0.0,0.0,0.0,0.0,0.0,0.01090240478515625,0.0,0.0,0.0,0.0,0.0,0.0,0.0,0.0,0.0,0.0,0.0,0.0,0.0,0.0,0.0,0.0,0.0,0.0,0.0,0.0,0.0,0.0,0.007656097412109375,0.0,0.0,0.0,0.0,0.0,0.0,0.0,0.0,0.0,0.0,0.0,0.0,0.0,0.0,0.0,0.0,0.0,0.0,0.0,0.0,0.0,0.0,0.0,0.0,0.0,0.0,0.0,0.0,0.0,0.0,0.0,0.0,0.0,0.0,0.0,0.0,0.0,0.0,0.0,0.00438690185546875,0.0,0.0,0.010846138000488281,0.00030803680419921875,0.0,0.0,0.0,0.0,0.0,0.0,0.0,0.0,0.0,0.0,0.0,0.0,0.0,0.0,0.0,0.0,0.0,0.0,0.0,0.0,0.0,0.0,0.0,0.0,0.0,0.0,0.0,0.0,0.0,0.0,0.0,0.0,0.0,0.0,0.0,0.0,0.0,0.0,0.0,0.0,0.0,0.0,0.0,0.0,0.0,0.0,0.0,0.007137298583984375,0.0,0.0014591217041015625,0.0,0.0,0.0,0.0,0.0,0.0,0.0,0.0,0.0,0.0,0.0
corr_image_78.jpg,0.0,0.34867191314697266,0.15937137603759766,0.0,0.11209392547607422,0.0,0.2844371795654297,0.0,0.0,0.0,0.0,2.47955322265625e-05,0.004001617431640625,0.0,0.0,0.0,0.0,0.0,0.0,0.0,0.0913991928100586,0.0,0.0,0.0,0.0,0.0,0.0,0.0,0.0,0.0,0.0,0.0,0.0,0.0,0.0,0.0,0.0,0.0,0.0,0.0,0.0,0.0,0.0,0.0,0.0,0.0,0.0,0.0,0.0,0.0,0.0,0.0,0.0,0.0,0.0,0.0,0.0,0.0,0.0,0.0,0.0,0.0,0.0,0.0,0.0,0.0,0.0,0.0,0.0,0.0,0.0,0.0,0.0,0.0,0.0,0.0,0.0,0.0,0.0,0.0,0.0,0.0,0.0,0.0,0.0,0.0,0.0,0.0,0.0,0.0,0.0,0.0,0.0,0.0,0.0,0.0,0.0,0.0,0.0,0.0,0.0,0.0,0.0,0.0,0.0,0.0,0.0,0.0,0.0,0.0,0.0,0.0,0.0,0.0,0.0,0.0,0.0,0.0,0.0,0.0,0.0,0.0,0.0,0.0,0.0,0.0,0.0,0.0,0.0,0.0,0.0,0.0,0.0,0.0,0.0,0.0,0.0,0.0,0.0,0.0,0.0,0.0,0.0,0.0,0.0,0.0,0.0,0.0,0.0
corr_image_79.jpg,0.0,0.454345703125,0.21828651428222656,0.0,0.0,0.0,0.22225284576416016,0.0,0.0,0.0,0.0,0.0088653564453125,0.01919841766357422,0.0,0.0,0.0,0.0,0.0,0.0,0.0,0.016054153442382812,0.0,0.0,0.0,0.0,0.0,0.0,0.0,0.0,0.0,0.0,0.0,0.0,0.0,0.0,0.0,0.0,0.0,0.0,0.0,0.0,0.0,0.0,0.0008697509765625,0.0,0.0,0.0,0.0,0.0,0.0,0.0,0.0,0.0,0.0,0.0,0.0,0.0,0.0,0.0,0.0,0.0,0.0,0.0,0.0,0.0,0.0,0.0,0.0,0.0,0.0,0.0,0.0,0.032073020935058594,0.0,0.0,0.0,0.0,0.0,0.0,0.0,0.0,0.0,0.0,0.0,0.0,0.0,0.010968208312988281,0.0,0.0,0.0,0.0,0.0,0.0,0.0,0.0,0.0,0.0,0.0,0.0,0.0,0.0,0.0,0.00012969970703125,0.0,0.0,0.0,0.0,0.0,0.0,0.0,0.0,0.0,0.0,0.0,0.0,0.0,0.016083717346191406,0.0,0.0,0.0,0.0,0.0,0.0,0.0008726119995117188,0.0,0.0,0.0,0.0,0.0,0.0,0.0,0.0,0.0,0.0,0.0,0.0,0.0,0.0,0.0,0.0,0.0,0.0,0.0,0.0,0.0,0.0,0.0,0.0,0.0
corr_image_8.jpg,0.0,0.32593345642089844,0.2744913101196289,0.0,0.1267375946044922,0.0,0.1900777816772461,0.0,0.0,0.0,0.0,0.02307605743408203,0.03188896179199219,0.0,0.0,0.0,0.0,0.0,0.0,0.0,0.013041496276855469,0.0,0.0,0.0,0.0,0.0,0.0,0.0,0.0,0.0,0.0,0.0,0.0,0.0,0.0,0.0,0.0,0.0,0.0,0.0,0.0,0.0,0.0,0.0,0.0,0.0,0.0,0.0,0.0,0.0,0.0,0.0,0.0,0.0,0.0,0.0,0.0,0.0,0.0,0.0,0.0,0.0,0.0,0.0,0.0,0.0,0.0,0.0,0.0,0.0,0.0,0.0,0.0,0.0,0.0,0.0,0.0,0.0,0.0,0.0,0.012192726135253906,0.0,0.0,0.0,0.0,0.0,0.0,0.0025606155395507812,0.0,0.0,0.0,0.0,0.0,0.0,0.0,0.0,0.0,0.0,0.0,0.0,0.0,0.0,0.0,0.0,0.0,0.0,0.0,0.0,0.0,0.0,0.0,0.0,0.0,0.0,0.0,0.0,0.0,0.0,0.0,0.0,0.0,0.0,0.0,0.0,0.0,0.0,0.0,0.0,0.0,0.0,0.0,0.0,0.0,0.0,0.0,0.0,0.0,0.0,0.0,0.0,0.0,0.0,0.0,0.0,0.0,0.0,0.0,0.0,0.0
corr_image_80.jpg,0.0,0.28110790252685547,0.12206459045410156,0.0,0.21852684020996094,0.0,0.21737194061279297,0.0,0.0,0.0,0.0,0.1022787094116211,0.02871227264404297,0.0,0.0,0.0022478103637695312,0.0,0.0,0.0,0.00013256072998046875,0.011752128601074219,0.0,0.0,0.0,0.0,0.0,0.0,0.0,0.0,0.0,0.0,0.0,0.0,0.0,0.0,0.0,0.0,0.0,0.0,0.0,0.0,0.0,0.0,0.00040340423583984375,0.0,0.0,0.0,0.0,0.0,0.0,0.0,0.0,0.0,0.0,0.0,0.0,0.0,0.0,0.0,0.0,0.0,0.0,0.0,0.0,0.0,0.0,0.0,0.0,0.0,0.0,0.0,0.0,0.0,0.0,0.0,0.0,0.0,0.0,0.0,0.0,0.0,0.0,0.0,0.0,0.0,0.0,0.01218414306640625,0.0006160736083984375,0.0,0.0,0.0,0.0,0.0,0.0020160675048828125,0.0,0.0,0.0,0.0,0.0,0.0,0.0,0.0,0.0,0.0,0.0,0.0,0.0,0.0,0.0,0.0,0.0,0.0,0.0,0.0,0.0,0.0,0.0,0.0,0.0,0.0,0.0,0.0,0.0,0.0,0.0,0.0,0.0,0.0,0.0,0.0,0.0,0.0,0.0,0.0,0.0,0.0005855560302734375,0.0,0.0,0.0,0.0,0.0,0.0,0.0,0.0,0.0,0.0,0.0,0.0,0.0
corr_image_81.jpg,0.0,0.5361328125,0.10728168487548828,0.0,0.06256771087646484,0.0,0.2252063751220703,0.0,0.0,0.0,0.0,0.0323333740234375,0.006622314453125,0.0,0.0,0.0,0.0,0.0,0.0,0.0,0.02493762969970703,0.0,0.0,0.0,0.0,0.0,0.0,0.0,0.0,0.0,0.0,0.0,0.0,0.0,0.0,0.0,0.0,0.0,0.0,0.0,0.0,0.0,0.0,0.0014591217041015625,0.0,0.0,0.0,0.0,0.0,0.0,0.0,0.0,0.0,0.0,0.0,0.0,0.0,0.0,0.0,0.0,0.0,0.0,0.0,0.0,0.0,0.0,0.0,0.0,0.0,0.0,0.0,0.0,0.0,0.0,0.0,0.0,0.0,0.0,0.0,0.0,0.0,0.0,0.0,0.0,0.0,0.0,0.0001316070556640625,0.0017728805541992188,0.0,0.0,0.0,0.0,0.0,0.0,0.0,0.0,0.0,0.0,0.0,0.0,0.0,0.0,0.0,0.0,0.0,0.0,0.0,0.0,0.0,0.0,0.0,0.0,0.0,0.0,0.0,0.0,0.0,0.0,0.0,0.0,0.0,0.0,0.0,0.0,0.0,0.0,0.0,0.0,0.0,0.0,0.0,0.0,0.0,0.0,0.0,0.000209808349609375,0.0,0.0013446807861328125,0.0,0.0,0.0,0.0,0.0,0.0,0.0,0.0,0.0,0.0,0.0
corr_image_82.jpg,0.0010957717895507812,0.41234779357910156,0.1475696563720703,0.0,0.06205463409423828,0.0,0.27776336669921875,0.0,0.0,0.0,0.0,0.04120635986328125,0.009428024291992188,0.0,0.0,0.0,0.0,0.0008449554443359375,0.0,0.0,0.013529777526855469,0.0,0.0,0.0,0.0,0.0,0.0,0.0,0.0,0.0,0.0,0.0,0.0,0.0,0.0,0.0,0.0,0.0,0.0006427764892578125,0.0,0.0,0.0,0.0,0.0005817413330078125,0.0,0.0,0.0,0.0,0.0,0.0,0.0,0.0,0.0,0.0,0.0,0.0,0.0,0.0,0.0,0.0,0.0,0.0,0.0,0.0,0.0,0.0,0.0,0.0,0.0,0.0007848739624023438,0.0,0.0,0.0,0.0,0.0,0.0,0.0,0.0,0.0,0.0,0.0011987686157226562,0.0,0.0,0.0,0.0,0.0,0.0023021697998046875,0.00434112548828125,0.0,0.0,0.0,0.0,0.0,0.0,0.0,0.0,0.0,0.0,0.0,0.0,0.0,0.0,0.0028142929077148438,0.0,0.020598411560058594,0.0,0.0,0.0,0.0,0.0,0.0,0.0,0.0,0.0,0.0,0.0,0.0,0.0,0.0,0.0,0.0,0.0,0.0,0.0,0.0,0.0,0.0,0.0,0.0,0.0,0.0,0.0,0.0,0.0,0.0,5.054473876953125e-05,0.0,0.0008449554443359375,0.0,0.0,0.0,0.0,0.0,0.0,0.0,0.0,0.0,0.0,0.0
corr_image_83.jpg,0.0,0.48593711853027344,0.19631290435791016,0.0,0.04888916015625,0.0,0.17716217041015625,0.0,0.0,0.0,0.0,0.014553070068359375,0.006744384765625,0.0,0.0,0.0,0.0,0.0,0.0,0.0,0.028182029724121094,0.0,0.0,0.0,0.0,0.0,0.0,0.0,0.0,0.0,0.0,0.0,0.0,0.0,0.0,0.0,0.0,0.0,0.0,0.0,0.0,0.0,0.0,0.029722213745117188,0.0,0.0,0.0,0.0,0.0,0.0,0.0,0.0,0.0,0.0,0.0,0.0,0.0,0.0,0.0,0.0,0.0,0.0,0.0,0.0,0.0,0.0,0.0,0.0,0.0,0.0,0.0,0.0,0.0,0.0,0.0,0.0,0.0,0.0,0.0,0.0,0.008215904235839844,0.0,0.0,0.0002231597900390625,0.0,0.0,0.0,0.0015354156494140625,0.0,0.0,0.0,0.0,0.0,0.0,0.0,0.0,0.0,0.0,0.0,0.0,0.0,0.0,0.0,0.0,0.0,0.0,0.0,0.0,0.0,0.0,0.0,0.0,0.0,0.0,0.0,0.0,0.0,0.0,0.0,0.0,0.0,0.0,0.0,0.0,0.0,0.0,0.0,0.0,0.0,0.0,0.0,0.0,0.0,0.0,0.0,0.0025224685668945312,0.0,0.0,0.0,0.0,0.0,0.0,0.0,0.0,0.0,0.0,0.0,0.0,0.0
corr_image_84.jpg,0.0,0.3749256134033203,0.19380855560302734,0.0,0.11661434173583984,0.0,0.2167196273803711,0.0,0.0,0.0,0.0,0.025129318237304688,0.004197120666503906,0.0,0.0,0.0,0.0,0.0,0.0,0.0,0.048598289489746094,0.0,0.0,0.0,0.0,0.0,0.0,0.0,0.0,0.0,0.0,0.0,0.0,0.0,0.0,0.0,0.0,0.0,0.0,0.0,0.0,0.0,0.0,0.0028028488159179688,0.0,0.0,0.0,0.0,0.0,0.0,0.0,0.0,0.0,0.0,0.0,0.0,0.0,0.0,0.0,0.0,0.0,0.0,0.0,0.0,0.0,0.0,0.0,0.0,0.0,0.0,0.0,0.0,0.0,0.0,0.0,0.0,0.0,0.0,0.0,0.0,0.009002685546875,0.0,0.0,0.0,0.0,0.0,0.0,0.005290031433105469,0.0,0.0,0.0,0.0,0.0,0.0,0.0,0.0,0.0,0.0,0.0,0.0,0.0,0.0,0.0,0.0,0.0,0.0,0.0,0.0,0.0,0.0,0.0,0.0,0.0,0.0,0.0,0.0,0.0,0.0,0.0,0.0,0.0,0.0,0.0,0.0,0.0,0.0,0.0,0.0,0.0,0.0,0.0,0.0,0.0,0.0,0.0,0.0009794235229492188,0.0,0.0019321441650390625,0.0,0.0,0.0,0.0,0.0,0.0,0.0,0.0,0.0,0.0,0.0
corr_image_85.jpg,0.0,0.366729736328125,0.2687816619873047,0.0,0.004494667053222656,0.0,0.26660728454589844,0.0,0.0,0.0,0.0,0.03254222869873047,0.014905929565429688,0.0,0.0,0.0,0.0,0.000255584716796875,0.0,0.0,0.017711639404296875,0.0,0.0,0.0,0.0,0.0,0.0,0.0,0.0,0.0,0.0,0.0,0.0,0.0,0.0,0.0,0.0,0.0,0.0,0.0,0.0,0.0,0.0,0.007712364196777344,0.0,0.0,0.0,0.0,0.0,0.0,0.0,0.0,0.0,0.0,0.0,0.0,0.0,0.0,0.0,0.0,0.0,0.0,0.0,0.0,0.0,0.0,0.0,0.0,0.0,0.0,0.0,0.0,0.0,0.0,0.0,0.0,0.0,0.0,0.0,0.0,0.010794639587402344,0.0,0.0,0.0,0.0,0.0,0.0006246566772460938,0.0001735687255859375,0.0,0.0,0.0,0.0,0.0,0.0017604827880859375,0.0,0.0,0.0,0.0,0.0,0.0,0.0,0.0,0.0,0.0,0.0,0.0,0.0,0.0,0.0,0.0,0.0,0.0,0.0,0.0,0.0,0.0,0.0,0.0,0.0,0.0,0.0,0.0,0.0,0.0,0.0,0.0,0.0,0.0028524398803710938,0.0,0.0,0.0,0.0,0.0,0.0,0.0,0.001056671142578125,0.0,0.0029964447021484375,0.0,0.0,0.0,0.0,0.0,0.0,0.0,0.0,0.0,0.0,0.0
corr_image_86.jpg,0.0,0.3665285110473633,0.2440357208251953,0.0,0.0029201507568359375,0.0,0.18345069885253906,0.0,0.0,0.0,0.0,0.11965751647949219,0.009757041931152344,0.0,0.0,0.0,0.0,0.026605606079101562,0.0,0.0026540756225585938,0.0074558258056640625,0.0,0.0,0.0,0.0,0.0,0.0,0.0,0.0,0.0,0.0,0.0,0.0,0.0,0.0,0.0,0.0,0.0,0.0,0.0,0.0,0.0,0.0,4.482269287109375e-05,0.0,0.0,0.0,0.0,0.0,0.0,0.0,0.0,0.0,0.0,0.0,0.0,0.0,0.0,0.0,0.0,0.0,0.0,0.0,0.0,0.0,0.0,0.0,0.0,0.0,0.0,0.0,0.0,0.0,0.0,0.0,0.0,0.0,0.0,0.0,0.0,0.009141921997070312,0.0,0.0,0.00012874603271484375,0.0,0.0,0.006591796875,0.000110626220703125,0.0,0.0,0.0,0.0,0.0,0.0017232894897460938,0.0,0.0,0.0,0.0,0.0,0.0,0.0,0.0,0.0,0.0,0.0,0.0,0.0,0.0,0.0,0.0,0.0,0.0,0.0,0.0,0.0,0.0,0.0,0.0,0.0,0.0,0.0,0.0,0.0,0.0,0.0,0.019193649291992188,0.0,0.0,0.0,0.0,0.0,0.0,0.0,0.0,0.0,0.0,0.0,0.0,0.0,0.0,0.0,0.0,0.0,0.0,0.0,0.0,0.0,0.0,0.0
corr_image_87.jpg,0.0,0.27461814880371094,0.1844635009765625,0.0,0.21778011322021484,0.0,0.2568197250366211,0.0,0.0,0.0,0.0,0.021242141723632812,0.005583763122558594,0.0,0.0,0.0,0.0,0.0,0.0,0.0,0.029068946838378906,0.0,0.0,0.0,0.0,0.0,0.0,0.0,0.0,0.0,0.0,0.0,0.0,0.0,0.0,0.0,0.0,0.0,0.0,0.0,0.0,0.0,0.0,0.0,0.0,0.0,0.0,0.0,0.0,0.0,0.0,0.0,0.0,0.0,0.0,0.0,0.0,0.0,0.0,0.0,0.0,0.0,0.0,0.0,0.0,0.0,0.0,0.0,0.0,0.0,0.0,0.0,0.0,0.0,0.0,0.0,0.0,0.0,0.0,0.0,0.0034694671630859375,0.0,0.0,0.0,0.0,0.0,0.004787445068359375,0.0,0.0,0.0,0.0,0.0,0.0,0.0,0.0,0.0,0.0,0.0,0.0,0.0,0.0,0.0,0.000164031982421875,0.0,0.0,0.0,0.0,0.0,0.0,0.0,0.0,0.0,0.0,0.0,0.0,0.0,0.0,0.0,0.0,0.0,0.0,0.0,0.0,0.0012454986572265625,0.0,0.0,0.0,0.0,0.0,0.0,0.0,0.0,0.0,0.0,0.0,0.0,0.0,0.0007572174072265625,0.0,0.0,0.0,0.0,0.0,0.0,0.0,0.0,0.0,0.0,0.0
corr_image_88.jpg,0.0,0.5647525787353516,0.11319637298583984,0.0,0.0,0.0,0.18239974975585938,0.0,0.0,0.0,0.0,0.08134078979492188,0.02214336395263672,0.0,0.0,0.0,0.0,7.62939453125e-06,0.0,0.0,0.028041839599609375,0.0,0.0,0.0,0.0,0.0,0.0,0.0,0.0,0.0,0.0,0.0,0.0,0.0,0.0,0.0,0.0,0.0,0.0,0.0,0.0,0.0,0.0,0.0010118484497070312,0.0,0.0,0.0,0.0,0.0,0.0,0.0,0.0,0.0,0.0,0.0,0.0,0.0,0.0,0.0,0.0,0.0,0.0,0.0,0.0,0.0,0.0,0.0,0.0,0.0,0.0,0.0,0.0,0.0,0.0,0.0,0.0,0.0,0.0,0.0,0.0,0.0065174102783203125,0.0,0.0,0.0,0.0,0.0,0.0,0.0005826950073242188,0.0,0.0,0.0,0.0,0.0,0.0,0.0,0.0,0.0,0.0,0.0,0.0,0.0,0.0,0.0,0.0,0.0,0.0,0.0,0.0,0.0,0.0,0.0,0.0,0.0,0.0,0.0,0.0,0.0,0.0,0.0,0.0,0.0,0.0,0.0,5.7220458984375e-06,0.0,0.0,0.0,0.0,0.0,0.0,0.0,0.0,0.0,0.0,0.0,0.0,0.0,0.0,0.0,0.0,0.0,0.0,0.0,0.0,0.0,0.0,0.0,0.0,0.0
corr_image_89.jpg,0.0,0.5840835571289062,0.09321212768554688,0.0,0.015392303466796875,0.0,0.23765277862548828,0.0,0.0,0.0,0.0,0.01941204071044922,0.006262779235839844,0.0,0.0,0.0,0.0,0.0,0.0,0.0,0.027769088745117188,0.0,0.0,0.0,0.0,0.0,0.0,0.0,0.0,0.0,0.0,0.0,0.0,0.0,0.0,0.0,0.0,0.0,0.0,0.0,0.0,0.0,0.0,0.00039005279541015625,0.0,0.0,0.0,0.0,0.0,0.0,0.0,0.0,0.0,0.0,0.0,0.0,0.0,0.0,0.0,0.0,0.0,0.0,0.0,0.0,0.0,0.0,0.0,0.0,0.0,0.0,0.0,0.0,0.0,0.0,0.0,0.0,0.0,0.0,0.0,0.0,0.004458427429199219,0.0,0.0,0.0,0.0,0.0,5.626678466796875e-05,0.003911018371582031,0.0,0.0,0.0,0.0,0.0,0.0,0.0,0.0,0.0,0.0,0.0,0.0,0.0,0.0,0.0,0.0,0.0,0.0,0.0,0.0,0.0,0.0,0.0,0.0,0.0,0.0,0.0,0.0,0.0,0.0,0.0,0.0,0.0,0.0,0.0,0.0,0.0,0.0038099288940429688,0.0,0.00012683868408203125,0.0,0.0,0.0,0.0,0.0,0.0,0.0,0.0,0.0,0.0034627914428710938,0.0,0.0,0.0,0.0,0.0,0.0,0.0,0.0,0.0,0.0,0.0
corr_image_9.jpg,0.0,0.46575355529785156,0.09051227569580078,0.0,0.16359806060791016,0.0,0.16019916534423828,0.0,0.0,0.0,0.0,0.02637195587158203,0.03578472137451172,0.0,0.0,0.0,0.0,0.004361152648925781,0.0,0.0,0.029273033142089844,0.0,0.0,0.0,0.0,0.0,0.0,0.0,0.0,0.0,0.0,0.0,0.0,0.0,0.0,0.0,0.0,0.0,0.0,0.0,0.0,0.0,0.0,6.580352783203125e-05,0.0,0.0,0.0,0.0,0.0,0.0,0.0,0.0,0.0,0.0,0.0,0.0,0.0,0.0,0.0,0.0,0.0,0.0,0.0,0.0,0.0,0.0,0.0,0.0,0.0,0.0,0.0,0.0,0.0,0.0,0.0,0.0,0.0,0.0,0.0,0.0,0.0,0.0,0.0,0.0,0.0,0.0,0.0,0.0001850128173828125,0.0,0.0,0.0,0.0,0.0,0.0,0.0,0.0,0.0,0.0,0.0,0.0,0.0,0.0,2.765655517578125e-05,0.0,0.0,0.0,0.0,0.0,0.0,0.0,0.0,0.0,0.000110626220703125,0.0,0.0,0.0,0.013536453247070312,0.0,0.0,0.0,0.0,0.0,0.0,0.0,0.0,9.918212890625e-05,0.0,0.009927749633789062,0.0,0.0,0.0,0.0,0.0,0.0,0.0,0.0,0.0,0.00019359588623046875,0.0,0.0,0.0,0.0,0.0,0.0,0.0,0.0,0.0,0.0,0.0
corr_image_90.jpg,0.0,0.4862346649169922,0.12258625030517578,0.0,0.0,0.0,0.22242259979248047,0.0,0.0,0.0,0.0,0.07819175720214844,0.06448841094970703,0.0,0.0,0.0,0.0,0.0,0.0,0.00023174285888671875,0.004471778869628906,0.0,0.0,0.0,0.0,0.0,0.0,0.0,0.0,0.0,0.0,0.0,0.0,0.0,0.0,0.0,0.0,0.0,0.0,0.0,0.0,0.0,0.0,5.7220458984375e-06,0.0,0.0,0.0,0.0,0.0,0.0,0.0,0.0,0.0,0.0,0.0,0.0,0.0,0.0,0.0,0.0,0.0,0.0,0.0,0.0,0.0,0.0,0.0,0.0,0.0,0.0,0.0,0.0,0.0,0.0,0.0,0.0,0.0,0.0,0.0,0.0,0.004795074462890625,0.0,0.0,0.0,0.0,0.0,0.012298583984375,0.0023250579833984375,0.0,0.0,0.0,0.0,0.0,0.0,0.0,0.0013151168823242188,0.0,0.0,0.0,0.0,0.0,0.0,0.0,0.0,0.0,0.0,0.0,0.0,0.0,0.0,0.0,0.0,0.0,0.0,0.0,0.0,0.0,0.0,0.0,0.0,0.0,0.0,0.0,0.0,0.0,0.0,0.0,0.00063323974609375,0.0,0.0,0.0,0.0,0.0,0.0,0.0,0.0,0.0,0.0,0.0,0.0,0.0,0.0,0.0,0.0,0.0,0.0,0.0,0.0,0.0
corr_image_91.jpg,0.0,0.29985713958740234,0.26141834259033203,0.0,0.11084747314453125,0.0,0.24602603912353516,0.0,0.0,0.0,0.0,0.023116111755371094,0.01255035400390625,0.0,0.0,0.0,0.0,0.0,0.0,0.0,0.038285255432128906,0.0,0.0,0.0,0.0,0.0,0.0,0.0,0.0,0.0,0.0,0.0,0.0,0.0,0.0,0.0,0.0,0.0,0.0,0.0,0.0,0.0,0.0,0.0007781982421875,0.0,0.0,0.0,0.0,0.0,0.0,0.0,0.0,0.0,0.0,0.0,0.0,0.0,0.0,0.0,0.0,0.0,0.0,0.0,0.0,0.0,0.0,0.0,0.0,0.0,0.0,0.0,0.0,0.0,0.0,0.0,0.0,0.0,0.0,0.0,0.0,0.0,0.0,0.0,0.0,0.0,0.0,0.0029001235961914062,5.7220458984375e-06,0.0,0.0,0.0,0.0,0.0,0.0,0.0,0.0,0.0,0.0,0.0,0.0,0.0,0.0,0.0037546157836914062,0.0,0.0,0.0,0.0,0.0,0.0,0.0,0.0,0.0,0.0,0.0,0.0,0.0,0.0,0.0,0.0,0.0,0.0,0.0,0.0,0.0,0.0,0.0,0.0,0.0,0.0,0.0,0.0,0.0,0.0,0.0,0.0,0.00046062469482421875,0.0,0.0,0.0,0.0,0.0,0.0,0.0,0.0,0.0,0.0,0.0,0.0,0.0
corr_image_92.jpg,0.0,0.3732414245605469,0.2519807815551758,0.0,0.08456707000732422,0.0,0.16109180450439453,0.0,0.0,0.0,0.0,0.05309867858886719,0.013521194458007812,0.0,0.0,0.0,0.0,0.0,0.0,0.0,0.05658531188964844,0.0,0.0,0.0,0.0,0.0,0.0,0.0,0.0,0.0,0.0,0.0,0.0,0.0,0.0,0.0,0.0,0.0,0.0,0.0,0.0,0.0,0.0,0.0,0.0,0.0,0.0,0.0,0.0,0.0,0.0,0.0,0.0,0.0,0.0,0.0,0.0,0.0,0.0,0.0,0.0,0.0,0.0,0.0,0.0,0.0,0.0,0.0,0.0,0.0,0.0,0.0,0.0,0.0,0.0,0.0,0.0,0.0,0.0,0.0,0.001110076904296875,0.0,0.0,0.0,0.0,0.0,0.0019140243530273438,0.0010900497436523438,0.0,0.0,0.0,0.0,0.0,0.000179290771484375,0.0,0.0,0.0,0.0,0.0,0.0,0.0,0.0,0.0,0.0,0.0,0.0,0.0,0.0,0.0,0.0,0.0,0.0,0.0,0.0,0.0,0.0,0.0,0.0,0.0,0.0,0.0,0.0,0.0,0.0,0.0,0.0,0.0,0.0015716552734375,0.0,0.0,0.0,0.0,0.0,0.0,0.0,4.863739013671875e-05,0.0,0.0,0.0,0.0,0.0,0.0,0.0,0.0,0.0,0.0,0.0,0.0,0.0
corr_image_93.jpg,0.0,0.4161529541015625,0.1761474609375,0.0,0.0,0.0,0.12247562408447266,0.0,0.0,0.0,0.0,0.053562164306640625,0.04073619842529297,0.0,0.0,0.0,0.0,0.0,0.0,0.0,0.17456817626953125,0.0,0.0,0.0,0.0,0.0,0.0,0.0,0.0,0.0,0.0,0.0,0.0,0.0,0.0,0.0,0.0,0.0,0.0,0.0,0.0,0.0,0.0,0.0,0.0,0.0,0.0,0.0,0.0,0.0,0.0,0.0,0.0,0.0,0.0,0.0,0.0,0.0,0.0,0.0,0.0,0.0,0.0,0.0,0.0,0.0,0.0,0.0,0.0,0.0,0.0,0.0,0.0,0.0,0.0,0.0,0.0,0.0,0.0,0.0,0.007358551025390625,0.0,0.0,0.0,0.0,0.0,0.00492095947265625,0.00010013580322265625,0.0,0.0,0.0,0.0,0.0,0.0013933181762695312,0.0,0.0,0.0,0.0,0.0,0.0,0.0,0.0,0.0,0.0,0.0,0.0,0.0,0.0,0.0,0.0,0.0,0.0,0.0,0.0,0.0,0.0,0.0025815963745117188,0.0,0.0,0.0,0.0,0.0,0.0,0.0,0.0,0.0,0.0,2.86102294921875e-06,0.0,0.0,0.0,0.0,0.0,0.0,0.0,0.0,0.0,0.0,0.0,0.0,0.0,0.0,0.0,0.0,0.0,0.0,0.0,0.0,0.0
corr_image_94.jpg,0.0,0.33185577392578125,0.17666244506835938,0.0,0.11620140075683594,0.0,0.3077392578125,0.0,0.0,0.0,0.0,0.026702880859375,0.0045070648193359375,0.0,0.0,0.0,0.0,0.00193023681640625,0.0,0.0,0.0271148681640625,0.0,0.0,0.0,0.0,0.0,0.0,0.0,0.0,0.0,0.0,0.0,0.0,0.0,0.0,0.0,0.0,0.0,0.0,0.0,0.0,0.0,0.0,0.0024204254150390625,0.0,0.0,0.0,0.0,0.0,0.0,0.0,0.0,0.0,0.0,0.0,0.0,0.0,0.0,0.0,0.0,0.0,0.0,0.0,0.0,0.0,0.0,0.0,0.0,0.0,0.0,0.0,0.0,0.0,0.0,0.0,0.0,0.0,0.0,0.0,0.0,0.0,0.0,0.0,0.0,0.0,0.0,0.0,0.00055694580078125,0.0,0.0,0.0,0.0,0.0,0.0,0.0,0.0,0.0,0.0,0.0,0.0,0.0,0.0,0.0,0.0,0.0,0.0,0.0,0.0,0.0,0.0,0.0,0.0,0.0,0.0,0.0,0.0,0.0028133392333984375,0.0,0.0,0.0,0.0,0.0,0.0,1.71661376953125e-05,0.0,0.0,0.0,0.0,0.0,0.0,0.0,0.0,0.0,0.0,0.0,0.0014781951904296875,0.0,0.0,0.0,0.0,0.0,0.0,0.0,0.0,0.0,0.0,0.0,0.0,0.0
corr_image_95.jpg,0.0,0.5698308944702148,0.06497383117675781,0.0,0.0660400390625,0.0,0.21399879455566406,0.0,0.0,0.0,0.0,0.0020627975463867188,0.0001735687255859375,0.0,0.0,0.0,0.0,0.0,0.0,0.0,0.07063770294189453,0.0,0.0,0.0,0.0,0.0,0.0,0.0,0.0,0.0,0.0,0.0,0.0,0.0,0.0,0.0,0.0,0.0,0.0,0.0,0.0,0.0,0.0,0.008633613586425781,0.0,0.0,0.0,0.0,0.0,0.0,0.0,0.0,0.0,0.0,0.0,0.0,0.0,0.0,0.0,0.0,0.0,0.0,0.0,0.0,0.0,0.0,0.0,0.0,0.0,0.0,0.0,0.0,0.0,0.0,0.0,0.0,0.0,0.0,0.0,0.0,0.0009822845458984375,0.0,0.0,0.0,0.0,0.0,0.0,0.0006847381591796875,0.0,0.0,0.0,0.0,0.0,0.0,0.0,0.0,0.0,0.0,0.0,0.0,0.000690460205078125,0.0,0.0,0.0,0.0,0.0,0.0,0.0,0.0,0.0,0.0,0.0,0.0,0.0,0.0,0.0,0.0,0.0,0.0,0.0,0.0,0.0,0.0,0.0,0.0,0.0,0.0,0.0,0.0,0.0,0.0,0.0,0.0,0.0,0.0,0.0012912750244140625,0.0,0.0,0.0,0.0,0.0,0.0,0.0,0.0,0.0,0.0,0.0,0.0,0.0
corr_image_96.jpg,0.0,0.42128944396972656,0.20769023895263672,0.0,0.0,0.0,0.21456146240234375,0.0,0.0,0.0,0.0,0.08139896392822266,0.019967079162597656,0.0,0.0,0.0,0.0,0.0,0.0,0.0008115768432617188,0.04033470153808594,0.0,0.0,0.0,0.0,0.0,0.0,0.0,0.0,0.0,0.0,0.0,0.0,0.0,0.0,0.0,0.0,0.0,0.0,0.0,0.0,0.0,0.0,0.0,0.0,0.0,0.0,0.0,0.0,0.0,0.0,0.0,0.0,0.0,0.0,0.0,0.0,0.0,0.0,0.0,0.0,0.0,0.0,0.0,0.0,0.0,0.0,0.0,0.0,0.00035572052001953125,0.0,0.0,0.0,0.0,0.0,0.0,0.0,0.0,0.0,0.0,0.006252288818359375,0.0,0.0,0.0,0.0,0.0,0.0023937225341796875,0.0019626617431640625,0.0,0.0,0.0,0.0,0.0,0.0027418136596679688,0.0,0.0,0.0,0.0,0.0,0.0,0.0,0.0,0.00011157989501953125,0.0,0.0,0.0,0.0,0.0,0.0,0.0,0.0,0.0,0.0,0.0,0.0,0.0,0.0,0.0,0.0,0.0,0.0,0.0,0.0,0.0,0.0,0.0,0.0,0.00012874603271484375,0.0,0.0,0.0,0.0,0.0,0.0,0.0,0.0,0.0,0.0,0.0,0.0,0.0,0.0,0.0,0.0,0.0,0.0,0.0,0.0,0.0
corr_image_97.jpg,0.0,0.4633779525756836,0.09168815612792969,0.0,0.055083274841308594,0.0,0.21304702758789062,0.0,0.0,0.0,0.0,0.0948934555053711,0.03516197204589844,0.0,0.0,0.0003948211669921875,0.0,0.0,0.0,0.0015535354614257812,0.021628379821777344,0.0,0.0,0.0,0.0,0.0,0.0,0.0,0.0,0.0,0.0,0.0,0.0,0.0,0.0,0.0,0.0,0.0,0.0,0.0,0.0,0.0,0.0,0.0009784698486328125,0.0,0.0,0.0,0.0,0.0,0.0,0.0,0.0,0.0,0.0,0.0,0.0,0.0,0.0,0.0,0.0,0.0,0.0,0.0,0.0,0.0,0.0,0.0,0.0,0.0,0.0,0.0,0.0,0.0,0.0,0.0,0.0,0.0,0.0,0.0,0.0,0.009963035583496094,0.0,0.0,0.0,0.0,0.0,0.010784149169921875,0.000637054443359375,0.0,0.0,0.0,0.0,0.0,0.0,0.0,0.0,0.0,0.0,0.0,0.0,0.0,0.0,0.0,0.0,0.0,0.0,0.0,0.0,0.0,0.0,0.0,0.0,0.0,0.0,0.0,0.0,0.0,0.0,0.0,0.0,0.0,0.0,0.0,0.0,0.0,0.0,0.0,0.0,0.0,0.0,0.0,0.0,0.0,0.0,0.0,0.0008087158203125,0.0,0.0,0.0,0.0,0.0,0.0,0.0,0.0,0.0,0.0,0.0,0.0,0.0
corr_image_98.jpg,0.0,0.49126148223876953,0.1507701873779297,0.0,0.0,0.0,0.1988058090209961,0.0,0.0,0.0,0.0,0.024440765380859375,0.038399696350097656,0.0,0.0,0.0,0.0,0.0,0.0,0.0,0.08314037322998047,0.0,0.0,0.0,0.0,0.0,0.0,0.0,0.0,0.0,0.0,0.0,0.0022344589233398438,0.0,0.0,0.0,0.0,0.0,0.0,0.0,0.0,0.0,0.0,0.008032798767089844,0.0,0.0,0.0,0.0,0.0,0.0,0.0,0.0,0.0,0.0,0.0,0.0,0.0,0.0,0.0,0.0,0.0,0.0,0.0,0.0,0.0,0.0,0.0,0.0,0.0,0.0,0.0,0.0,0.0,0.0,0.0,0.0,0.0,0.0,0.0,0.0,0.0,0.0,0.0,0.0,0.0,0.0,0.0,0.0023021697998046875,0.0,0.0,0.0,0.0,0.0,3.910064697265625e-05,0.0,0.0,0.0,0.0,0.0,0.0,0.0,0.0,0.0,0.0,0.0,0.0,0.0,0.0,0.0,0.0,0.0,0.0,0.0,0.0,0.0,0.0,0.0,0.0,0.0,0.0,0.0,0.0,0.0,0.0,0.0,0.0,0.0,0.0,0.0,0.0,0.0,0.0,0.0,0.0,0.0,0.0005731582641601562,0.0,0.0,0.0,0.0,0.0,0.0,0.0,0.0,0.0,0.0,0.0,0.0,0.0
corr_image_99.jpg,0.0,0.3712139129638672,0.19069957733154297,0.0,0.0026636123657226562,0.0,0.29955291748046875,0.0,0.0,0.0,0.0,0.03531455993652344,0.019731521606445312,0.0,0.0,0.0,0.0,0.0,0.0,0.0,0.060164451599121094,0.0,0.0,0.0,0.0,0.0,0.0,0.0,0.0,0.0,0.0,0.0,0.0,0.0,0.0,0.0,0.0,0.0,0.0,0.0,0.0,0.0,0.0,0.0,0.0,0.0,0.0,0.0,0.0,0.0,0.0,0.0,0.0,0.0,0.0,0.0,0.0,0.0,0.0,0.0,0.0,0.0,0.0,0.0,0.0,0.0,0.0,0.0,0.0,0.0,0.0,0.0,0.0,0.0,0.0,0.0,0.0,0.0,0.0,0.0,0.0030717849731445312,0.0,0.0,0.0,0.0,0.0,0.0015001296997070312,0.0021696090698242188,0.0,0.0,0.0,0.0,0.0,0.0,0.0,0.0,0.0,0.0,0.0,0.0,0.0,0.0,0.0,0.0,0.0,0.0,0.0,0.0,0.0,0.0,0.0,0.0,0.0,0.0,0.0,0.0,0.0,0.0,0.0,0.0,0.0,0.0,0.0,0.00025081634521484375,0.0,0.0,0.0,0.0025758743286132812,0.0,0.0,0.0,0.0,0.0,0.0,0.0,0.0036096572875976562,0.0,0.007481575012207031,0.0,0.0,0.0,0.0,0.0,0.0,0.0,0.0,0.0,0.0,0.0
