profile_id,prompt_condition,transport_success,parser_valid,parse_error,fit_success,fit_error,alpha_hat,c_hat,D_hat_km,inverse_s_r2,inverse_s_aicc,best_parametric_alternative,best_alternative_aicc,inverse_s_aicc_advantage,inverse_s_aicc_winner,unique_value_ratio,nonincreasing_step_fraction,local_reversal_count,normalized_second_difference
decay_setting_001,Baseline prompt,1,1,,True,,1.259037027299844,0.0145988079417989,14.613664451906416,0.9948666206723382,-857.3065870055602,exp_floor,-925.6084249983152,-68.30183799275494,0.0,0.32,1.0,0.0,0.0032354405176704
decay_setting_001,Blueprint prompt,1,1,,True,,1.8702628546699636,0.0043549209996974,45.94220665456773,0.998848234123362,-922.9085420111152,exp_floor,-608.3149047736014,314.5936372375139,1.0,0.6,1.0,0.0,0.0045742434904996
decay_setting_002,Baseline prompt,1,1,,True,,2.0878808279000296,0.0150405582121125,34.808819145836466,0.9960032608431744,-803.4134188822729,exp_floor,-683.7996103312269,119.61380855104608,1.0,0.48,1.0,0.0,0.0037993920972644
decay_setting_002,Blueprint prompt,1,1,,True,,1.7568056767652236,0.0119508873159899,35.291037200140146,0.9986327983535068,-920.5453592843584,exp_floor,-672.3454693529918,248.19988993136667,1.0,0.51,1.0,0.0,0.004808820079756
decay_setting_003,Baseline prompt,1,1,,True,,1.3742701094648546,0.0154254137981355,23.041273759158965,0.9966806693324046,-866.5763020526106,exp_floor,-827.3289485953864,39.24735345722422,1.0,0.42,1.0,0.0,0.0038872691933916
decay_setting_003,Blueprint prompt,1,1,,True,,1.7964588881345038,0.0198244441044271,38.146841808054766,0.9975464839701272,-858.117175335409,exp_floor,-693.752254780492,164.36492055491703,1.0,0.54,1.0,0.0,0.0050447145150194
decay_setting_004,Baseline prompt,1,1,,True,,1.5254858750302562,0.0128682535427178,23.353655839716176,0.9965213752535096,-856.543192729302,exp_floor,-775.5788405240802,80.96435220522176,1.0,0.39,1.0,0.0,0.0051020408163265
decay_setting_004,Blueprint prompt,1,1,,True,,1.8231158188933343,0.0079896476292344,33.89545448726603,0.9963943024605468,-821.2799668340582,exp_floor,-699.6983204528537,121.58164638120444,1.0,0.5,1.0,0.0,0.0051020408163265
decay_setting_005,Baseline prompt,0,0,empty,,,,,,,,,,,,,,,
decay_setting_005,Blueprint prompt,1,1,,True,,1.6187839920198184,0.0115652956721835,30.531806427822588,0.9963117677072216,-831.5597073386268,exp_floor,-741.2704127001211,90.28929463850568,1.0,0.48,0.98989898989899,1.0,0.0044217687074829
decay_setting_006,Baseline prompt,1,1,,True,,1.7214242134636424,0.0083233803822534,31.43284706425762,0.9992663992166596,-989.4437222539832,exp_floor,-670.2502798108493,319.193442443134,1.0,0.47,1.0,0.0,0.0028476506881822
decay_setting_006,Blueprint prompt,1,1,,True,,1.882374170892292,0.0099232502774859,40.432844666811626,0.9974723634482852,-847.9406847734832,exp_floor,-654.9443702305393,192.99631454294388,1.0,0.56,1.0,0.0,0.0039682539682539
decay_setting_007,Baseline prompt,0,0,empty,,,,,,,,,,,,,,,
decay_setting_007,Blueprint prompt,1,1,,True,,2.04191803444904,0.0089124582895005,46.85357572937692,0.9976367136386732,-844.3318828522107,exp_floor,-614.2490232238366,230.08285962837408,1.0,0.6,1.0,0.0,0.0037003812514016
decay_setting_008,Baseline prompt,1,1,,True,,1.3073749660300429,0.0094108176318347,26.344382086921488,0.9971431466052584,-874.9120315940776,exp_floor,-772.6928921416351,102.2191394524425,1.0,0.47,1.0,0.0,0.0032798833819242
decay_setting_008,Blueprint prompt,1,1,,True,,1.902459085740319,0.0132109961120868,31.71066187523637,0.9973384389837576,-854.6913710219109,exp_floor,-695.5476765213762,159.1436945005347,1.0,0.46,1.0,0.0,0.0042610450773716
decay_setting_009,Baseline prompt,1,1,,True,,1.4295772176587516,0.0024446838490933,12.991914388271995,0.9970938306476884,-918.9312370730488,exp_floor,-853.2918413966124,65.6393956764365,1.0,0.27,1.0,0.0,0.0025210084033613
decay_setting_009,Blueprint prompt,1,1,,True,,2.062125286098338,0.0213138415475384,30.290684643126653,0.9975103884881856,-862.0508902964833,exp_floor,-675.7762264813801,186.2746638151032,1.0,0.44,0.9797979797979798,2.0,0.0048217089033415
decay_setting_010,Baseline prompt,1,1,,True,,1.7202772122377288,0.0016736078886298,22.192326807773608,0.998826065775634,-963.3474035185114,exp_floor,-693.9526014526197,269.3948020658918,1.0,0.35,1.0,0.0,0.0036014405762304
decay_setting_010,Blueprint prompt,1,1,,True,,1.7244637344303957,0.027057830266495,53.57963087712808,0.9943050669319142,-770.1062134178595,exp_floor,-686.76668200921,83.33953140864958,1.0,0.72,1.0,0.0,0.0051020408163265
decay_setting_011,Baseline prompt,1,1,,True,,1.6471594654242756,0.0037137132963627,21.32965505113068,0.9986967273738404,-957.9580063701874,exp_floor,-706.8578603847816,251.1001459854058,1.0,0.35,1.0,0.0,0.0031212484993997
decay_setting_011,Blueprint prompt,1,1,,True,,1.686990345415864,0.0386079356394299,34.14648866021178,0.9882498931535688,-711.2233228521633,exp_floor,-784.1024002339137,-72.87907738175045,0.0,0.53,1.0,0.0,0.005847282733318
decay_setting_012,Baseline prompt,1,1,,True,,0.8999466523959225,0.0081198854123952,13.968196017370484,0.9991113374717184,-1042.2099052544702,exp_floor,-821.7199197134491,220.48998554102104,1.0,0.34,1.0,0.0,0.0037367059499856
decay_setting_012,Blueprint prompt,1,0,wrong_length,,,,,,,,,,,,,,,
decay_setting_013,Baseline prompt,1,1,,True,,1.3452565085029156,0.0082205463495917,16.53097890515656,0.999487652770052,-1078.5378873024065,exp_floor,-728.0705450844232,350.4673422179833,1.0,0.31,1.0,0.0,0.001987808110257
decay_setting_013,Blueprint prompt,1,1,,True,,1.6764920358173132,0.0064613144621486,36.12614814698217,0.9970475050537244,-843.2362524886258,exp_floor,-682.8911430112618,160.34510947736408,1.0,0.53,1.0,0.0,0.0049860853432282
decay_setting_014,Baseline prompt,1,1,,True,,1.541490487769025,0.0040022790271449,18.72271773860445,0.9977133757539104,-912.4269714804128,exp_floor,-779.2797043547748,133.14726712563788,1.0,0.35,1.0,0.0,0.0022809123649459
decay_setting_014,Blueprint prompt,1,1,,True,,1.7315778431136477,0.0149262397071705,33.99118934423409,0.9958693520817692,-811.6684735413793,exp_floor,-714.1406584109862,97.52781513039304,1.0,0.51,0.98989898989899,1.0,0.0062615955473098
decay_setting_015,Baseline prompt,1,1,,True,,1.6743945216025975,0.0101371107808448,22.3670917802946,0.9996044195846024,-1074.8356530284584,exp_floor,-699.0961933566967,375.73945967176167,1.0,0.37,1.0,0.0,0.0035228377065111
decay_setting_015,Blueprint prompt,1,1,,True,,1.5257128153927804,7.847642272806828e-24,43.69918253339693,0.998110814994058,-887.5063575656213,exp_floor,-602.5810072081019,284.9253503575194,1.0,0.6,1.0,0.0,0.0054169816074578
decay_setting_016,Baseline prompt,1,1,,True,,1.1118724141041514,0.0089056524087022,17.033323598799466,0.9988985755323324,-1003.4174201138412,exp_floor,-786.4786515143445,216.9387685994966,1.0,0.37,1.0,0.0,0.0028957528957529
decay_setting_016,Blueprint prompt,1,1,,True,,1.389725695858706,0.0125662897387984,27.132531754546417,0.9924053145682286,-771.6379638559637,exp_floor,-849.6457070228104,-78.0077431668467,0.0,0.49,1.0,0.0,0.0047541743970315
decay_setting_017,Baseline prompt,1,1,,True,,1.380387252117626,0.0079671494817316,18.82151062702524,0.9988671326753495,-987.8508990878825,exp_floor,-743.0500688525273,244.8008302353552,1.0,0.34,1.0,0.0,0.0032753842277651
decay_setting_017,Blueprint prompt,1,1,,True,,1.478489328441638,0.0192003178398345,33.04123290076344,0.99279675348252,-765.6827736776371,exp_floor,-826.6217259840181,-60.938952306381,0.0,0.54,1.0,0.0,0.0039682539682539
decay_setting_018,Baseline prompt,1,1,,True,,1.8721553314794912,0.0085517221137598,21.935146077037864,0.9970630846489256,-868.9944083016138,exp_floor,-739.3794751231645,129.6149331784493,1.0,0.36,1.0,0.0,0.0034013605442176
decay_setting_018,Blueprint prompt,1,1,,True,,2.1885329982730526,0.0182240552556088,41.32794329727659,0.9980593889098418,-866.4179453659503,exp_floor,-626.2966462469491,240.1212991190013,1.0,0.54,1.0,0.0,0.0042147293700088
decay_setting_019,Baseline prompt,1,1,,True,,1.7144234362316886,0.0076393534161067,26.22470055514176,0.999610777796662,-1064.3755591451347,exp_floor,-669.6683583043684,394.7072008407663,1.0,0.4,1.0,0.0,0.0031584062196307
decay_setting_019,Blueprint prompt,1,1,,True,,1.818694785595737,0.011175926371767,41.67836492058765,0.9954676900501226,-789.9471278372657,exp_floor,-671.6579237039255,118.28920413334026,1.0,0.6,1.0,0.0,0.0042610450773716
decay_setting_020,Baseline prompt,1,1,,True,,1.5753299982980948,0.0108326202235332,20.20801826403474,0.9957972518361076,-845.8900568563189,exp_floor,-776.9843069789464,68.9057498773725,1.0,0.35,1.0,0.0,0.0020170859041291
decay_setting_020,Blueprint prompt,1,1,,True,,1.463287149135644,0.0156286393936631,29.32038040546503,0.9946296705459724,-801.5053635182204,exp_floor,-762.1929354302914,39.31242808792899,1.0,0.5,1.0,0.0,0.0050405704450454
decay_setting_021,Baseline prompt,1,1,,True,,1.3536820688148234,0.0132029460993355,16.256910821547883,0.9964640326753148,-884.9356980761374,exp_floor,-843.3875004991111,41.54819757702637,1.0,0.33,1.0,0.0,0.0043731778425656
decay_setting_021,Blueprint prompt,1,1,,True,,1.7340405475589142,0.0214027950299507,43.88330195850013,0.9939256939435244,-764.0330767184265,exp_floor,-693.6002211393015,70.43285557912498,1.0,0.63,1.0,0.0,0.0047541743970315
decay_setting_022,Baseline prompt,0,0,empty,,,,,,,,,,,,,,,
decay_setting_022,Blueprint prompt,1,1,,True,,1.141921657697963,0.0043614293598651,29.33903723899146,0.9869815033328851,-721.3539348669087,exp_floor,-731.1427177451179,-9.78878287820919,0.0,0.5,0.9696969696969696,3.0,0.0047946889599213
decay_setting_023,Baseline prompt,1,1,,True,,1.4329754752381996,0.0171961070676456,19.71673015127769,0.9957086733388838,-850.002270016671,exp_floor,-847.0205229227014,2.9817470939696022,1.0,0.38,1.0,0.0,0.0030369290573372
decay_setting_023,Blueprint prompt,1,1,,True,,1.377985098645487,7.933684348283463e-31,51.05329891975076,0.9971225044606682,-852.7799832448162,exp_floor,-615.1537337570998,237.62624948771645,1.0,0.69,1.0,0.0,0.0059208868732678
decay_setting_024,Baseline prompt,1,1,,True,,1.3927476190270187,0.0088877578855605,24.87031705120984,0.9979663644349454,-910.5818529875552,exp_floor,-725.0201933707109,185.56165961684417,1.0,0.43,1.0,0.0,0.004921968787515
decay_setting_024,Blueprint prompt,1,1,,True,,1.9797689611836264,0.0666574900285478,57.17032880960252,0.9779684518796394,-633.3019589211649,exp_floor,-561.1937680277384,72.10819089342647,1.0,0.71,0.8686868686868687,13.0,0.0046485260770975
decay_setting_025,Baseline prompt,1,1,,True,,2.3286783672685005,0.0122899604987004,27.62835901094701,0.99797081464715,-880.9199904205792,exp_floor,-656.6387959637622,224.28119445681705,1.0,0.38,1.0,0.0,0.0019539730785931
decay_setting_025,Blueprint prompt,1,1,,True,,1.7769795603138427,7.113235394422842e-28,49.91121547088399,0.9974389623475702,-843.5850951206412,exp_floor,-621.258741617171,222.32635350347016,1.0,0.65,1.0,0.0,0.0053823727293115
decay_setting_026,Baseline prompt,1,1,,True,,1.058511977089894,0.0216698219341459,25.17397733240945,0.9788736219489542,-683.4652173124559,exp_floor,-880.5316731449551,-197.0664558324992,0.0,0.52,1.0,0.0,0.0054021608643457
decay_setting_026,Blueprint prompt,1,1,,True,,2.422319554615659,0.0154454404230896,54.19443228303175,0.992882909746874,-721.2396513488912,exp_floor,-523.015233856609,198.2244174922822,1.0,0.62,0.9393939393939394,6.0,0.0062961354754667
decay_setting_027,Baseline prompt,1,1,,True,,1.552801385384751,0.0081007625620929,22.23356109172301,0.998957904828206,-980.3498076960004,exp_floor,-717.9064278435633,262.44337985243715,1.0,0.37,1.0,0.0,0.0027939747327502
decay_setting_027,Blueprint prompt,1,1,,True,,1.809884220250244,0.0239471767745157,35.02481788237355,0.9868819877795262,-691.9400348684984,exp_floor,-692.1681899435333,-0.2281550750349197,0.0,0.52,0.9696969696969696,3.0,0.0057675244010647
decay_setting_028,Baseline prompt,1,1,,True,,1.9887008444359555,0.0067305745243536,25.92128150966842,0.9949711445474924,-799.1403089464734,exp_floor,-732.2111354377937,66.9291735086797,1.0,0.4,1.0,0.0,0.0035445757250268
decay_setting_028,Blueprint prompt,1,1,,True,,1.5898721350015517,0.045489145605984,36.60328473562869,0.9949673289548068,-799.4929438070266,exp_floor,-810.519328869651,-11.0263850626244,0.0,0.57,1.0,0.0,0.0051593671176335
decay_setting_029,Baseline prompt,1,1,,True,,1.7155961554105927,0.0039281563935264,35.849728534262674,0.9993794339734452,-1000.1334863092612,exp_floor,-621.4481727605603,378.6853135487008,1.0,0.5,1.0,0.0,0.0031584062196307
decay_setting_029,Blueprint prompt,1,1,,True,,2.01406692537087,0.0331003071647946,42.15308590614124,0.993861679840227,-756.8761115426546,exp_floor,-681.004006430482,75.87210511217256,1.0,0.58,0.98989898989899,1.0,0.0067279659116393
decay_setting_030,Baseline prompt,1,1,,True,,1.2941837435783496,0.0169552182034782,22.215159196684937,0.986699111479197,-729.5933951561543,exp_floor,-1101.4496007504763,-371.8562055943222,0.0,0.45,1.0,0.0,0.0032879818594104
decay_setting_030,Blueprint prompt,1,1,,True,,1.4972754729369109,0.0376514312778871,31.972252340986675,0.9848851402031183,-694.0065915720157,exp_floor,-955.0240490954016,-261.0174575233858,0.0,0.54,1.0,0.0,0.0052702399641175
decay_setting_031,Baseline prompt,1,1,,True,,0.9719926414466992,0.005421491263063,10.33041248617117,0.9972634452340808,-950.740532822279,exp_floor,-930.6357022497132,20.104830572565675,1.0,0.28,1.0,0.0,0.002312925170068
decay_setting_031,Blueprint prompt,1,1,,True,,1.3951656916037658,0.033792014182694,27.72072399122801,0.992260000017252,-772.7095644087318,exp_floor,-931.8766212194138,-159.16705681068197,0.0,0.49,1.0,0.0,0.0039155196962506
decay_setting_032,Baseline prompt,1,1,,True,,1.428896900801062,0.0126262519145729,23.059365740613217,0.9969509364503796,-873.1362789169332,exp_floor,-792.0540503535624,81.08222856337079,1.0,0.42,1.0,0.0,0.0024295432458697
decay_setting_032,Blueprint prompt,1,1,,True,,1.4970022957248008,0.0303588970923598,22.899551679103045,0.9881131646288,-736.7733605299946,exp_floor,-876.9375664141,-140.1642058841054,0.0,0.43,1.0,0.0,0.004808820079756
decay_setting_033,Baseline prompt,1,1,,True,,1.91247898023538,0.0144211508772389,27.07971324911804,0.9959351783681508,-821.4119056726455,exp_floor,-738.777649930921,82.63425574172447,1.0,0.41,1.0,0.0,0.0020625271385149
decay_setting_033,Blueprint prompt,1,1,,True,,1.7675284586340725,8.73939219276548e-24,55.83883434121233,0.9938110198237708,-754.1514716335079,exp_floor,-609.0861368496032,145.06533478390463,1.0,0.72,1.0,0.0,0.0028988868274582
decay_setting_034,Baseline prompt,1,1,,True,,1.0032645200080983,0.0043011131326137,22.01566276584814,0.9980826991984404,-933.7933899449496,exp_floor,-757.4040503279122,176.38933961703742,1.0,0.46,1.0,0.0,0.0034473248758963
decay_setting_034,Blueprint prompt,1,1,,True,,1.4537848402821243,0.0058750119334551,33.2423736377274,0.9906338590914932,-737.7414630548352,exp_floor,-716.3795817814448,21.361881273390395,1.0,0.52,1.0,0.0,0.0028344671201814
decay_setting_035,Baseline prompt,1,1,,True,,1.4756522857788008,0.003284554819553,32.52001835246267,0.997766618864586,-883.041186469352,exp_floor,-679.3314627668963,203.7097237024558,1.0,0.5,1.0,0.0,0.0038872691933916
decay_setting_035,Blueprint prompt,1,1,,True,,1.7409306133583355,4.702142879086804e-31,43.003911232011504,0.9981573330475751,-881.6573682462806,exp_floor,-609.9031623852911,271.7542058609895,1.0,0.58,1.0,0.0,0.0032840722495894
decay_setting_036,Baseline prompt,1,1,,True,,2.036278120499221,0.0101280081500445,20.06967309776262,0.9978273014995488,-906.6078371364392,exp_floor,-640.6389178120409,265.9689193243984,1.0,0.31,1.0,0.0,0.0034013605442176
decay_setting_036,Blueprint prompt,1,1,,True,,1.764808396610513,0.0310242043978032,28.16078154945542,0.9931223109396224,-772.3603163055536,exp_floor,-813.151568738427,-40.79125243287342,0.0,0.45,1.0,0.0,0.0040367795469836
decay_setting_037,Baseline prompt,1,1,,True,,1.104386473622854,0.0159278305603399,16.233391751885712,0.9930668802163768,-822.3248168347538,exp_floor,-900.9523866968224,-78.62756986206864,0.0,0.38,1.0,0.0,0.0032705389848247
decay_setting_037,Blueprint prompt,0,0,empty,,,,,,,,,,,,,,,
decay_setting_038,Baseline prompt,1,1,,True,,1.4253952761656894,0.0144538950985045,24.90568626629689,0.9954200746935956,-827.5421192385874,exp_floor,-798.7887671887133,28.753352049874024,1.0,0.45,1.0,0.0,0.0025510204081632
decay_setting_038,Blueprint prompt,1,1,,True,,1.877768220172752,0.0399145490495542,38.00776491960821,0.995510052404334,-798.3113284104368,exp_floor,-744.1681430876484,54.14318532278833,1.0,0.55,1.0,0.0,0.004875283446712
decay_setting_039,Baseline prompt,1,1,,True,,1.3733663962199676,0.0132149504124108,21.815469517159805,0.9945082300119156,-818.5806810422102,exp_floor,-843.6708920770715,-25.090211034861227,0.0,0.41,1.0,0.0,0.0048590864917395
decay_setting_039,Blueprint prompt,1,1,,True,,1.9523105638533969,3.951019906783397e-27,56.76535366000476,0.9972260685869928,-827.3714346617645,exp_floor,-541.5612354190405,285.810199242724,1.0,0.68,0.98989898989899,1.0,0.0045742434904996
decay_setting_040,Baseline prompt,1,1,,True,,1.1856780766711523,0.011285452769344,33.6722987857578,0.9934849729234636,-786.5100588427256,exp_floor,-794.2989283022738,-7.788869459548209,0.0,0.58,1.0,0.0,0.0055879494655004
decay_setting_040,Blueprint prompt,1,1,,True,,2.4728078616718125,3.6963391874739377e-32,64.80415241976378,0.998650006368011,-880.9221952969159,exp_floor,-504.491189149268,376.431006147648,1.0,0.66,1.0,0.0,0.0052702399641175
decay_setting_041,Baseline prompt,1,1,,True,,1.5138037123714314,0.0133669927569348,19.996441879702957,0.9967693308636,-875.0924733138371,exp_floor,-799.7129083236066,75.3795649902305,1.0,0.37,1.0,0.0,0.0025510204081632
decay_setting_041,Blueprint prompt,1,1,,True,,2.244589870993805,0.011362910238975,38.11722203831848,0.9995342478270604,-1011.5021782175749,exp_floor,-602.5433582287501,408.9588199888248,1.0,0.49,1.0,0.0,0.0043731778425655
decay_setting_042,Baseline prompt,1,1,,True,,1.8116058816683849,0.0007841524835039,21.82857835682619,0.999799773652526,-1140.0408969802386,exp_floor,-671.8951987805125,468.1456981997261,1.0,0.34,1.0,0.0,0.0021608643457383
decay_setting_042,Blueprint prompt,1,1,,True,,1.797115250570693,7.898371519569387e-30,52.01082973785736,0.996044083426141,-796.8390529638754,exp_floor,-575.519063942089,221.31998902178637,1.0,0.68,1.0,0.0,0.0049300619124054
decay_setting_043,Baseline prompt,1,1,,True,,1.5740085484453812,2.220020621390356e-27,38.94255748539416,0.99843909074554,-907.9615856706504,exp_floor,-637.5026646726333,270.4589209980172,1.0,0.56,1.0,0.0,0.0043731778425656
decay_setting_043,Blueprint prompt,1,1,,True,,1.6799093756671517,0.0239008903235181,43.41693913318912,0.9944916775612416,-776.8426805263098,exp_floor,-729.3553824194358,47.487298106873936,1.0,0.63,1.0,0.0,0.0043083900226757
decay_setting_044,Baseline prompt,1,1,,True,,1.4844441975003366,0.0149017933901333,25.37668110991094,0.9966476094397472,-856.474533932389,exp_floor,-777.3039800513193,79.17055388106974,1.0,0.45,1.0,0.0,0.0024295432458697
decay_setting_044,Blueprint prompt,1,1,,True,,2.024445981076678,0.0243973233673969,30.23108708862185,0.9909920542410942,-732.5813186649212,exp_floor,-709.9967922285099,22.584526436411352,1.0,0.46,1.0,0.0,0.0045974433729535
decay_setting_045,Baseline prompt,1,1,,True,,1.497599022118813,0.0170101409435901,21.628022759964114,0.987239753647676,-730.1787156106035,exp_floor,-913.4713950626888,-183.2926794520854,0.0,0.42,1.0,0.0,0.0020183897734918
decay_setting_045,Blueprint prompt,1,1,,True,,1.5540422464200796,1.262177448353619e-28,41.28652968025249,0.9989318714938094,-944.15974388893,exp_floor,-620.3342869259485,323.82545696298143,1.0,0.59,1.0,0.0,0.0055222088835534
decay_setting_046,Baseline prompt,1,1,,True,,1.2013375492137195,0.0314956163467952,16.2724269252545,0.9684905057248852,-666.5029182122278,power_floor,-828.6438499547523,-162.14093174252457,0.0,0.4,1.0,0.0,0.0038872691933916
decay_setting_046,Blueprint prompt,1,1,,True,,1.6118524038443447,0.0355985610965726,28.110100272766573,0.9906893432451286,-746.9435916070696,exp_floor,-854.1046042222941,-107.16101261522454,0.0,0.47,1.0,0.0,0.0055555555555555
decay_setting_047,Baseline prompt,1,1,,True,,1.4506213544695317,0.0122032959971782,26.01521266576338,0.9982227754029088,-919.7885206953612,exp_floor,-746.209432880674,173.5790878146871,1.0,0.44,1.0,0.0,0.0019436345966958
decay_setting_047,Blueprint prompt,1,1,,True,,1.611869910684996,0.0313526193937417,34.830488875558906,0.989544136058963,-722.7841648898135,exp_floor,-883.1502651527406,-160.36610026292715,0.0,0.55,1.0,0.0,0.005656610470275
decay_setting_048,Baseline prompt,1,1,,True,,1.2771181965392415,0.0099048081294195,29.46221082087064,0.9916297823603192,-761.1138788725061,exp_floor,-818.6097606513512,-57.495881778845046,0.0,0.54,1.0,0.0,0.0036014405762305
decay_setting_048,Blueprint prompt,1,1,,True,,1.3142487898844988,4.153190729947043e-24,43.68096841272148,0.9926144931055536,-760.3932511765742,exp_floor,-681.3323330874618,79.0609180891123,1.0,0.66,1.0,0.0,0.0040341718082581
decay_setting_049,Baseline prompt,1,1,,True,,1.2260534194173538,0.0149658448524646,16.92004214461255,0.9915494924141172,-796.0388545008943,exp_floor,-978.0298753349724,-181.9910208340782,0.0,0.37,1.0,0.0,0.0030369290573372
decay_setting_049,Blueprint prompt,1,1,,True,,1.517900409417679,0.0259889858546527,23.29561361302015,0.9860673539892552,-717.5278390302909,exp_floor,-923.8209620553316,-206.2931230250407,0.0,0.43,1.0,0.0,0.0052154195011337
decay_setting_050,Baseline prompt,1,1,,True,,1.811725731010888,0.0056481418234547,26.25954825257403,0.998914615694548,-960.0379964515612,exp_floor,-632.7733062577508,327.2646901938102,1.0,0.38,1.0,0.0,0.0034013605442176
decay_setting_050,Blueprint prompt,1,1,,True,,1.8856273238760148,0.0667827005784372,41.21487493161841,0.9897790557604292,-716.7795491943937,exp_floor,-763.2493332196956,-46.46978402530192,0.0,0.59,1.0,0.0,0.0056179775280898
decay_setting_051,Baseline prompt,1,1,,True,,1.5016453656488769,0.0097116246104153,23.94761963444513,0.9937318308211632,-798.9323636057596,exp_floor,-635.3476820951923,163.5846815105673,1.0,0.39,0.9696969696969696,3.0,0.0041621911922663
decay_setting_051,Blueprint prompt,1,1,,True,,1.7225253742261657,0.051552378153793,41.15056240990755,0.988057744304863,-705.8131514219347,exp_floor,-658.5511421904253,47.26200923150941,1.0,0.61,0.8181818181818182,18.0,0.0031397174254317
decay_setting_052,Baseline prompt,1,1,,True,,1.5893491917536653,4.4865230611691126e-30,27.943526348345948,0.9987442131414852,-944.1004482910809,exp_floor,-667.2310880290264,276.8693602620544,1.0,0.43,1.0,0.0,0.0038415366146458
decay_setting_052,Blueprint prompt,1,1,,True,,1.6061406800903006,0.015023009479648,28.5064459169482,0.9943450086197896,-792.8192207346166,exp_floor,-787.7342711353976,5.08494959921893,1.0,0.46,1.0,0.0,0.0054421768707482
decay_setting_053,Baseline prompt,1,1,,True,,0.9529754322043408,0.0029797681295554,12.811655135933826,0.9985421036585534,-997.6843690673104,exp_floor,-800.4869169240745,197.19745214323572,1.0,0.31,1.0,0.0,0.0034985422740524
decay_setting_053,Blueprint prompt,0,0,empty,,,,,,,,,,,,,,,
decay_setting_054,Baseline prompt,1,1,,True,,0.6413766666504209,0.0030140451600218,9.673249459418136,0.9986384487475142,-1024.8435241951236,exp_floor,-912.025389352868,112.81813484225552,1.0,0.33,1.0,0.0,0.0029827315541601
decay_setting_054,Blueprint prompt,1,1,,True,,1.4445294233620274,0.0135832614028516,35.662846708483926,0.994155401094233,-784.3218985726039,exp_floor,-768.2560849505766,16.06581362202735,1.0,0.56,1.0,0.0,0.0060296846011131
decay_setting_055,Baseline prompt,1,1,,True,,1.534329766058375,0.0138239554319067,28.94567738028409,0.998199577782134,-910.0331789989974,exp_floor,-735.2434167944261,174.78976220457128,1.0,0.47,1.0,0.0,0.0026724975704567
decay_setting_055,Blueprint prompt,1,1,,True,,1.6643811946258378,0.0097293731905485,24.98413997521291,0.9942513417270716,-797.1990072806209,exp_floor,-745.8154056813169,51.38360159930403,1.0,0.39,1.0,0.0,0.0035882484862076
decay_setting_056,Baseline prompt,0,0,empty,,,,,,,,,,,,,,,
decay_setting_056,Blueprint prompt,1,1,,True,,1.9136686151390785,0.0162817338430929,45.073395467325575,0.9979784276377516,-867.5559553825547,exp_floor,-638.5452358430523,229.0107195395024,1.0,0.58,1.0,0.0,0.0044365572315883
decay_setting_057,Baseline prompt,1,1,,True,,1.2191795998234458,0.0044485920212821,17.151521225200433,0.9983209815322092,-957.0553615969636,exp_floor,-823.0754933363904,133.97986826057308,1.0,0.36,1.0,0.0,0.0022959183673469
decay_setting_057,Blueprint prompt,1,1,,True,,1.72231569930906,0.0217419693886647,31.38855607231353,0.9976833737330828,-876.1643939967153,exp_floor,-728.9739956681234,147.19039832859187,1.0,0.48,1.0,0.0,0.0051020408163265
decay_setting_058,Baseline prompt,1,1,,True,,1.7134836496348946,0.0203673314279287,33.21033414571404,0.987995333531218,-704.9330978340263,exp_floor,-815.1043227980741,-110.17122496404784,0.0,0.53,1.0,0.0,0.003365175857577
decay_setting_058,Blueprint prompt,1,1,,True,,1.5086338604385734,0.0303287354859208,41.874416583332064,0.995190286855736,-800.434080202988,exp_floor,-769.3374100249156,31.09667017807237,1.0,0.63,1.0,0.0,0.0058644147314098
decay_setting_059,Baseline prompt,1,1,,True,,1.364384604750681,0.0010602174179572,31.769852234758662,0.9967501944177044,-849.1736772041801,exp_floor,-725.9591264963835,123.21455070779656,1.0,0.52,1.0,0.0,0.0038415366146458
decay_setting_059,Blueprint prompt,1,1,,True,,1.6592881027102244,0.0145251824363728,30.835927917917463,0.9926945518503268,-760.4893052742032,exp_floor,-794.8747968583676,-34.38549158416447,0.0,0.5,1.0,0.0,0.0042610450773716
decay_setting_060,Baseline prompt,1,1,,True,,1.3886991026157778,0.0137707322391386,24.03587206310089,0.9972485382007134,-882.1943956597684,exp_floor,-799.6164029267877,82.57799273298065,1.0,0.43,1.0,0.0,0.004737609329446
decay_setting_060,Blueprint prompt,1,1,,True,,1.5543701394582374,0.0064762996739594,51.82084084339642,0.9975345771867632,-859.897490590541,exp_floor,-655.4737312723323,204.42375931820868,1.0,0.71,1.0,0.0,0.0065258661604176
decay_setting_061,Baseline prompt,1,1,,True,,1.7311769714399037,0.0091216583536398,31.40244097252897,0.9990527439646386,-963.7513887988432,exp_floor,-667.1873743074407,296.5640144914024,1.0,0.47,1.0,0.0,0.0030369290573372
decay_setting_061,Blueprint prompt,1,1,,True,,1.4837821065204504,0.051281318913,35.56857153512449,0.9857170176831904,-698.9235912422647,exp_floor,-1018.4295420608232,-319.5059508185585,0.0,0.59,1.0,0.0,0.006433007985803
decay_setting_062,Baseline prompt,1,1,,True,,1.390591535435389,0.00045742641874,26.173539322710575,0.9976368088755068,-890.3148268124163,exp_floor,-722.1758219904568,168.13900482195947,1.0,0.45,1.0,0.0,0.0025210084033613
decay_setting_062,Blueprint prompt,1,1,,True,,1.390354465630928,0.0014607668199447,42.59684665170448,0.991580729731113,-743.6534805371753,exp_floor,-696.2611760688168,47.39230446835848,1.0,0.65,1.0,0.0,0.0035595633602278
decay_setting_063,Baseline prompt,1,1,,True,,1.6187179330456596,0.0078150218475989,23.328231511456185,0.9991133659351126,-992.219074149266,exp_floor,-689.0710287809595,303.1480453683066,1.0,0.38,1.0,0.0,0.0035228377065111
decay_setting_063,Blueprint prompt,1,1,,True,,2.029896125637286,0.019519197872144,38.33474175583244,0.9947803302133492,-773.7926937981348,exp_floor,-683.5102429999667,90.28245079816804,1.0,0.54,1.0,0.0,0.0034383318544809
decay_setting_064,Baseline prompt,1,1,,True,,1.449686145179097,0.0111548643351033,25.450326359196083,0.9986429125062748,-948.0275569206094,exp_floor,-745.1011634773142,202.9263934432952,1.0,0.43,1.0,0.0,0.004494655004859
decay_setting_064,Blueprint prompt,1,1,,True,,1.4831500104239177,0.0343511026383687,45.91982599413097,0.9894840941420376,-721.5744551795414,exp_floor,-798.3142986922493,-76.73984351270792,0.0,0.68,0.98989898989899,1.0,0.0068400986768333
decay_setting_065,Baseline prompt,1,1,,True,,1.100366919747186,0.0098393152418797,16.229601771983702,0.9997249295353086,-1146.3264228591026,exp_floor,-789.2163737473305,357.1100491117721,1.0,0.35,1.0,0.0,0.003723110865968
decay_setting_065,Blueprint prompt,0,0,empty,,,,,,,,,,,,,,,
decay_setting_066,Baseline prompt,1,1,,True,,1.5440063685235836,0.019404050160309,11.643289563062575,0.9848913125342756,-761.4830375984097,exp_floor,-909.8519444985802,-148.3689069001705,0.0,0.28,1.0,0.0,0.0024350649350649
decay_setting_066,Blueprint prompt,1,1,,True,,1.846299929668629,0.0139175646012265,29.77704096887444,0.9969754432816368,-847.2170179813439,exp_floor,-712.0386450288871,135.1783729524568,1.0,0.46,1.0,0.0,0.0037003812514016
decay_setting_067,Baseline prompt,1,1,,True,,1.4507075529237952,0.0045873502092599,31.15436375545713,0.9982494548909184,-909.955176246546,exp_floor,-718.6376337739204,191.31754247262563,1.0,0.51,1.0,0.0,0.0038415366146458
decay_setting_067,Blueprint prompt,1,1,,True,,1.700403896970733,0.0063311591450249,35.29302781728027,0.9938185831516524,-767.8735205915084,exp_floor,-723.8857057224989,43.987814869009526,1.0,0.54,1.0,0.0,0.00377107364685
decay_setting_068,Baseline prompt,0,0,empty,,,,,,,,,,,,,,,
decay_setting_068,Blueprint prompt,0,0,empty,,,,,,,,,,,,,,,
decay_setting_069,Baseline prompt,1,1,,True,,1.9385669292774024,0.0091276486711615,22.974459038946986,0.9996068354669896,-1068.7829924558796,exp_floor,-644.0524825481561,424.7305099077234,1.0,0.34,1.0,0.0,0.0026724975704567
decay_setting_069,Blueprint prompt,1,1,,True,,1.512430800907116,0.0324331230891713,26.25548277172969,0.9861879792503898,-712.7268176946875,exp_floor,-858.8577788143164,-146.13096111962886,0.0,0.47,1.0,0.0,0.0057187710248934
decay_setting_070,Baseline prompt,1,1,,True,,1.4750095903407283,0.0113737792667175,29.651740582994623,0.9906856650840128,-742.9917994978157,exp_floor,-834.5350070836897,-91.54320758587404,0.0,0.51,1.0,0.0,0.0039929015084294
decay_setting_070,Blueprint prompt,1,1,,True,,1.6512448617737954,1.1098472254595144e-28,53.84268713791811,0.9975602849182084,-854.1635727300395,exp_floor,-569.2656881983106,284.8978845317289,1.0,0.7,1.0,0.0,0.0045618247298919
decay_setting_071,Baseline prompt,1,1,,True,,0.951945686733152,0.0066215149137434,18.16418519598219,0.9974202559795622,-916.1072250869292,exp_floor,-851.806377575853,64.3008475110762,1.0,0.42,1.0,0.0,0.0044897959183673
decay_setting_071,Blueprint prompt,1,1,,True,,1.6912159124674249,0.0147448706792366,36.50246055271652,0.99643545231639,-824.5626642112778,exp_floor,-714.9346588141739,109.62800539710396,1.0,0.55,1.0,0.0,0.0037414965986394
decay_setting_072,Baseline prompt,1,1,,True,,1.4412492594538755,9.819538599799418e-24,31.79254912605109,0.9981080591267018,-900.0917234149929,exp_floor,-665.7587148190081,234.3330085959848,1.0,0.52,1.0,0.0,0.0013205282112845
decay_setting_072,Blueprint prompt,1,1,,True,,1.630460839391978,0.0138799347216973,37.11386539210978,0.998790494237928,-935.4088681853362,exp_floor,-683.0633828781987,252.34548530713755,1.0,0.54,1.0,0.0,0.0050433966690124
decay_setting_073,Baseline prompt,1,1,,True,,1.7980552079951395,0.0099604686479156,20.32368964706348,0.9998060660397924,-1150.6268935956043,exp_floor,-691.0741029705295,459.55279062507486,1.0,0.33,1.0,0.0,0.0021865889212828
decay_setting_073,Blueprint prompt,1,1,,True,,1.7537618048646944,0.0348121218437899,29.294238345023857,0.9868488171967462,-705.0611215930008,exp_floor,-764.8721554521525,-59.81103385915162,0.0,0.48,0.9797979797979798,2.0,0.0058309037900874
decay_setting_074,Baseline prompt,1,1,,True,,1.3865649482282183,0.0083465594546536,26.180078882310077,0.9980656005148848,-911.946279300172,exp_floor,-741.2422825043813,170.70399679579089,1.0,0.45,1.0,0.0,0.0044798407167745
decay_setting_074,Blueprint prompt,1,1,,True,,1.7924885456779358,0.010486168758716,32.24715397817135,0.996314920419836,-823.2880545449657,exp_floor,-707.0067864563829,116.2812680885828,1.0,0.48,1.0,0.0,0.0029154518950437
decay_setting_075,Baseline prompt,1,1,,True,,1.251687582638909,0.0138313377133026,18.667646341505403,0.9963301241843112,-873.1966989908433,exp_floor,-875.929938862056,-2.7332398712127315,0.0,0.38,1.0,0.0,0.0030369290573372
decay_setting_075,Blueprint prompt,1,1,,True,,1.7896067256485635,0.004369212449537,44.63354071941178,0.996853236141155,-824.7821166935378,exp_floor,-649.5594875579056,175.22262913563213,1.0,0.61,1.0,0.0,0.0051020408163265
decay_setting_076,Baseline prompt,1,1,,True,,1.293984281253896,0.0237587008774187,21.346346746688344,0.9892351366804032,-755.4841260867009,exp_floor,-932.4508758779796,-176.96674979127852,0.0,0.43,1.0,0.0,0.0035228377065111
decay_setting_076,Blueprint prompt,1,1,,True,,1.5941375547797274,0.0266736170045303,33.01368758535387,0.98976735922219,-727.149852038265,exp_floor,-834.1497721399161,-106.99992010165111,0.0,0.54,1.0,0.0,0.0045351473922902
decay_setting_077,Baseline prompt,1,1,,True,,1.3299289127419385,0.0178613868918072,15.895160248934886,0.991381126951144,-797.2506792833963,exp_floor,-953.3435019484072,-156.09282266501089,0.0,0.34,1.0,0.0,0.0046161321671525
decay_setting_077,Blueprint prompt,1,1,,True,,1.8285702475285448,0.0286551390878876,25.709208166755083,0.994866773171358,-806.3704213053235,exp_floor,-741.2561463388018,65.11427496652163,1.0,0.42,0.9696969696969696,3.0,0.0048217089033415
decay_setting_078,Baseline prompt,1,1,,True,,0.8639314870675059,0.0090066285827342,8.27048333444246,0.9984136193965972,-1025.4196262606445,exp_floor,-872.1173792736354,153.30224698700908,1.0,0.23,1.0,0.0,0.0034985422740524
decay_setting_078,Blueprint prompt,1,1,,True,,1.5393019453966346,0.0192106747969379,25.89978782655646,0.9935611689831412,-788.0719960113437,exp_floor,-827.8584298372012,-39.78643382585756,0.0,0.45,1.0,0.0,0.003635937133474
decay_setting_079,Baseline prompt,1,1,,True,,1.3788666106005938,0.0126138904016342,22.808858992891587,0.9966437326924276,-865.3914272658373,exp_floor,-818.4962619036639,46.89516536217332,1.0,0.42,1.0,0.0,0.0030369290573372
decay_setting_079,Blueprint prompt,1,1,,True,,1.7285384269308262,0.0029583227650668,49.58452502505721,0.996740341464542,-821.9362542147608,exp_floor,-638.958570207017,182.97768400774373,1.0,0.66,1.0,0.0,0.0052154195011337
decay_setting_080,Baseline prompt,1,1,,True,,1.5530904750533103,0.0103650730580168,22.67240885882028,0.99754524108402,-892.6743383929995,exp_floor,-753.1543502370785,139.51998815592106,1.0,0.39,1.0,0.0,0.0024295432458697
decay_setting_080,Blueprint prompt,1,1,,True,,1.895168396969223,0.0236487277648705,29.126961703182623,0.995699320263996,-813.6328141453422,exp_floor,-731.0976463368919,82.5351678084503,1.0,0.45,1.0,0.0,0.0034013605442176
decay_setting_081,Baseline prompt,1,1,,True,,2.116206670974147,0.0084714521583338,24.50872003532664,0.9989672831824264,-964.4399367660668,exp_floor,-613.134385682137,351.3055510839298,1.0,0.34,1.0,0.0,0.0023080660835762
decay_setting_081,Blueprint prompt,1,1,,True,,1.470744750050016,0.02980307365978,31.5239330496917,0.9908897822749044,-746.1766482963884,exp_floor,-893.6903459422062,-147.51369764581784,0.0,0.53,1.0,0.0,0.0053339517625232
decay_setting_082,Baseline prompt,1,1,,True,,1.5806376787674996,0.0096227287957088,25.2557012323306,0.9990251577694426,-977.9299890260112,exp_floor,-713.6443661122672,264.28562291374385,1.0,0.42,1.0,0.0,0.0032798833819242
decay_setting_082,Blueprint prompt,1,1,,True,,1.9151773762013045,0.0246856505201942,30.329485724893324,0.9934400724883647,-767.4094890939116,exp_floor,-754.8254438669832,12.584045226928424,1.0,0.47,1.0,0.0,0.0037003812514016
decay_setting_083,Baseline prompt,1,1,,True,,1.1486650601023076,0.0121508934466721,27.402712541425068,0.9896865022343392,-748.4745495397532,exp_floor,-844.8381962011192,-96.36364666136603,0.0,0.53,1.0,0.0,0.0027939747327502
decay_setting_083,Blueprint prompt,1,1,,True,,1.7320632749632536,1.655364912557291e-23,51.666653605422,0.9937355491741252,-754.0766525209733,exp_floor,-606.6615268367932,147.4151256841801,1.0,0.69,1.0,0.0,0.0029154518950437
decay_setting_084,Baseline prompt,1,1,,True,,0.5549825019914415,0.0104361530295394,9.007073064400105,0.9984256902646764,-1015.165271777524,exp_floor,-954.554404194774,60.61086758274996,1.0,0.33,1.0,0.0,0.0052614795918367
decay_setting_084,Blueprint prompt,1,1,,True,,1.7161530173110933,0.0234447466294397,41.993021966284,0.9918323258724914,-736.0972836700574,exp_floor,-719.9377935420969,16.159490127960566,1.0,0.6,1.0,0.0,0.0047095761381475
decay_setting_085,Baseline prompt,1,1,,True,,0.6959175085595449,0.0071405770922706,12.716259714267954,0.9993585337943636,-1083.090766551809,exp_floor,-805.5845861525114,277.5061803992977,1.0,0.36,1.0,0.0,0.0044642857142857
decay_setting_085,Blueprint prompt,1,1,,True,,1.526462809219876,0.0515511692967341,28.180805814113903,0.97962130834771,-675.2315355046649,exp_floor,-630.1028485226473,45.1286869820176,1.0,0.5,0.8888888888888888,11.0,0.007223113964687
decay_setting_086,Baseline prompt,1,1,,True,,1.1856836126436148,0.0007289026364677,24.61218238003031,0.9949816213817244,-826.9448970024914,exp_floor,-649.2483065980963,177.69659040439512,1.0,0.42,1.0,0.0,0.0009652509652509
decay_setting_086,Blueprint prompt,1,1,,True,,2.059336365273209,0.0172467522337422,46.16160654564348,0.9950198830168052,-770.2948308073558,exp_floor,-631.9386253566222,138.35620545073357,1.0,0.6,0.9797979797979798,2.0,0.0045974433729535
decay_setting_087,Baseline prompt,1,1,,True,,1.0420534473153713,0.0135621449669071,14.509989321809451,0.9845230153449916,-748.4161186590233,power_floor,-1022.1583276303534,-273.7422089713301,0.0,0.37,1.0,0.0,0.0027611044417767
decay_setting_087,Blueprint prompt,1,1,,True,,1.806364074386519,0.0224184693201421,37.61590558382719,0.9964622273279587,-821.8108694240874,exp_floor,-715.194394835663,106.61647458842435,1.0,0.54,1.0,0.0,0.0052702399641175
decay_setting_088,Baseline prompt,1,1,,True,,1.3829340941775543,0.0224068953198671,23.05536820258719,0.9889770902560492,-745.4208233501121,exp_floor,-872.0947463443779,-126.6739229942658,0.0,0.45,1.0,0.0,0.0026724975704567
decay_setting_088,Blueprint prompt,1,1,,True,,1.6276757042483885,1.6978479079823565e-29,61.696475483838384,0.9968240936263822,-831.6297558321457,exp_floor,-571.3384161110107,260.29133972113505,1.0,0.78,1.0,0.0,0.0045618247298919
decay_setting_089,Baseline prompt,0,0,empty,,,,,,,,,,,,,,,
decay_setting_089,Blueprint prompt,1,1,,True,,1.7685604207737862,0.0182786496110639,36.54005694842372,0.9960240236764571,-811.7683129531321,exp_floor,-716.4359494334084,95.33236351972369,1.0,0.53,1.0,0.0,0.0043731778425656
decay_setting_090,Baseline prompt,1,1,,True,,1.6678211449653229,0.0139754607400543,18.902874679564714,0.998065263746552,-928.1186990286712,exp_floor,-757.7961059338871,170.322593094784,1.0,0.34,1.0,0.0,0.0026724975704567
decay_setting_090,Blueprint prompt,1,1,,True,,1.6242165343339623,0.0096684488061329,44.19843537159804,0.998629559983675,-917.0301107902496,exp_floor,-655.711391094444,261.3187196958056,1.0,0.62,1.0,0.0,0.0042517006802721
decay_setting_091,Baseline prompt,1,1,,True,,1.4621441041456809,0.0078737385846453,26.650908127860585,0.9984524046699554,-931.2994751000756,exp_floor,-720.4578031463453,210.84167195373016,1.0,0.44,1.0,0.0,0.0041302235179786
decay_setting_091,Blueprint prompt,1,1,,True,,1.6866463187092893,0.0420619273183581,43.76820725394028,0.9937088831077076,-766.6294401301692,exp_floor,-777.052345900755,-10.422905770585771,0.0,0.64,1.0,0.0,0.0056689342403628
decay_setting_092,Baseline prompt,1,1,,True,,1.331178052337115,0.0088541909433334,25.741753052931653,0.9984153230385344,-934.7300641210736,exp_floor,-751.6734320152594,183.05663210581417,1.0,0.45,1.0,0.0,0.0051650289745527
decay_setting_092,Blueprint prompt,1,1,,True,,1.6383332450602484,0.0603744541346032,50.51983136966543,0.9914614099941944,-739.9019838270666,exp_floor,-816.498569989868,-76.59658616280137,0.0,0.68,1.0,0.0,0.0064508562045507
decay_setting_093,Baseline prompt,1,1,,True,,1.3534755293545713,0.0083771861363777,24.919447203771483,0.99622488546816,-848.225189915029,exp_floor,-767.4375486533469,80.7876412616821,1.0,0.45,1.0,0.0,0.0030369290573372
decay_setting_093,Blueprint prompt,1,1,,True,,1.4024969964577183,0.0187865323950098,34.94393027584842,0.996988380030788,-855.6834074753203,exp_floor,-731.2498085041316,124.43359897118876,1.0,0.55,1.0,0.0,0.004494655004859
decay_setting_094,Baseline prompt,1,1,,True,,1.415712324481485,0.0101488922845055,29.132267393938378,0.9968626980960372,-856.7315682909011,exp_floor,-753.1700699504654,103.56149834043572,1.0,0.49,1.0,0.0,0.0026724975704567
decay_setting_094,Blueprint prompt,1,1,,True,,1.5680808107362023,0.009642128170614,37.192520324864496,0.9991167065924782,-968.594631643314,exp_floor,-668.847199306205,299.7474323371091,1.0,0.56,1.0,0.0,0.0045087802562885
decay_setting_095,Baseline prompt,1,1,,True,,1.3520291195615666,0.011846102443694,17.81754078113179,0.9976745587564722,-920.1228805348552,exp_floor,-823.2814808977921,96.8413996370632,1.0,0.35,1.0,0.0,0.0032798833819242
decay_setting_095,Blueprint prompt,1,1,,True,,1.6095148994986055,0.0155734347686165,23.790871340109348,0.9935495780025276,-790.6506747810438,exp_floor,-838.9138246732023,-48.26314989215848,0.0,0.41,1.0,0.0,0.0037414965986394
decay_setting_096,Baseline prompt,1,1,,True,,1.5484123337918831,0.017278822882395,14.109498299358064,0.9915983464123722,-805.312553719046,exp_floor,-849.1242756665814,-43.811721947535375,0.0,0.3,1.0,0.0,0.0032798833819242
decay_setting_096,Blueprint prompt,1,1,,True,,1.4764863334415348,7.953730081314599e-28,39.81254414260112,0.9983324475882146,-904.5309191047324,exp_floor,-628.00797111675,276.5229479879823,1.0,0.58,1.0,0.0,0.0041572184429327
decay_setting_097,Baseline prompt,1,1,,True,,1.5587447589991057,0.0047715562268716,37.132996085290834,0.9989926385204888,-954.7087987655872,exp_floor,-663.2812328669382,291.4275658986488,1.0,0.55,1.0,0.0,0.0034013605442176
decay_setting_097,Blueprint prompt,1,1,,True,,1.5737900036824073,0.0217624608525983,22.40920062246106,0.9861721957029008,-718.439093966783,exp_floor,-936.6986632010446,-218.2595692342616,0.0,0.42,1.0,0.0,0.0030275846602377
decay_setting_098,Baseline prompt,1,1,,True,,1.3504642096316022,0.0084788721465907,32.10348868013812,0.9965403718285614,-844.3867504471472,exp_floor,-747.875888666129,96.5108617810182,1.0,0.54,1.0,0.0,0.0041302235179786
decay_setting_098,Blueprint prompt,1,1,,True,,1.5250160299587951,2.7767903863779616e-27,39.47373628566369,0.9947263860321354,-786.7399325036362,exp_floor,-647.3734595527395,139.36647295089665,1.0,0.57,1.0,0.0,0.0050459744337295
decay_setting_099,Baseline prompt,1,1,,True,,1.135542826258858,0.0073554351527965,18.5014878568635,0.9894657646132882,-767.6640494682215,exp_floor,-968.5394534631032,-200.8754039948817,0.0,0.41,1.0,0.0,0.0033613445378151
decay_setting_099,Blueprint prompt,1,1,,True,,1.5171943087498136,0.0296255778362378,34.74084027405222,0.9915244757868006,-747.929746651454,exp_floor,-825.3084095528848,-77.37866290143074,0.0,0.55,1.0,0.0,0.005328798185941
decay_setting_100,Baseline prompt,1,1,,True,,1.467660635011762,0.0051445096475192,16.505277485956004,0.9963692189281677,-877.0280265049457,exp_floor,-827.8378592869469,49.190167217998805,1.0,0.33,1.0,0.0,0.0018007202881152
decay_setting_100,Blueprint prompt,1,1,,True,,1.859922890217444,0.0126207136935156,39.050621775075946,0.9955013200044976,-792.0045586807756,exp_floor,-685.3757172523034,106.62884142847224,1.0,0.54,1.0,0.0,0.0051020408163265
