scene_id,theme,dimension,reference_effect,clean_signed_theme_score,target_signed_theme_score,random_signed_theme_score,target_change,random_change,target_intervention_norm,random_intervention_norm,norm_absolute_difference,norm_tolerance,equal_norm_check_passed
scene_001,natural_elements,Beautiful,2.2333333333333334,-1.015625,-1.34375,-0.875,0.328125,-0.140625,3520.403076171875,3520.39697265625,0.006103515625,0.3520403076171875,True
scene_001,natural_elements,Depressing,-2.775,-6.15625,-5.953125,-3.640625,-0.203125,-2.515625,3494.1044921875,3494.10009765625,0.00439453125,0.34941044921875003,True
scene_001,natural_elements,Lively,1.1916666666666667,5.03125,4.953125,4.859375,0.078125,0.171875,3520.403076171875,3520.37060546875,0.032470703125,0.3520403076171875,True
scene_001,natural_elements,Safe,1.0916666666666666,2.640625,1.90625,1.328125,0.734375,1.3125,3494.1044921875,3494.113525390625,0.009033203125,0.34941044921875003,True
scene_001,natural_elements,Wealthy,1.3499999999999999,-2.1875,-2.625,-1.921875,0.4375,-0.265625,3520.403076171875,3520.440673828125,0.03759765625,0.3520403076171875,True
scene_001,natural_elements,Boring,-1.1916666666666667,-3.71875,-3.65625,-2.75,-0.0625,-0.96875,3494.1044921875,3494.10302734375,0.00146484375,0.34941044921875003,True
scene_001,traffic_elements,Beautiful,-0.7666666666666666,1.15625,1.078125,-0.546875,0.078125,1.703125,3505.4765625,3505.461181640625,0.015380859375,0.35054765625,True
scene_001,traffic_elements,Depressing,0.08333333333333333,4.734375,5.0,4.28125,-0.265625,0.453125,3481.64013671875,3481.63232421875,0.0078125,0.348164013671875,True
scene_001,traffic_elements,Lively,1.4583333333333333,7.171875,7.03125,6.953125,0.140625,0.21875,3505.4765625,3505.47802734375,0.00146484375,0.35054765625,True
scene_001,traffic_elements,Safe,-0.4083333333333334,-4.109375,-4.8125,-4.125,0.703125,0.015625,3481.64013671875,3481.62353515625,0.0166015625,0.348164013671875,True
scene_001,traffic_elements,Wealthy,0.2416666666666667,4.546875,5.0,3.703125,-0.453125,0.84375,3505.4765625,3505.447998046875,0.028564453125,0.35054765625,True
scene_001,traffic_elements,Boring,-0.375,0.21875,-0.28125,-0.15625,0.5,0.375,3481.64013671875,3481.6455078125,0.00537109375,0.348164013671875,True
scene_001,built_elements,Beautiful,0.48333333333333334,-2.421875,-2.59375,-2.375,0.171875,-0.046875,3457.41357421875,3457.436279296875,0.022705078125,0.345741357421875,True
scene_001,built_elements,Depressing,-1.0666666666666667,-4.046875,-4.59375,-2.796875,0.546875,-1.25,3435.826171875,3435.826171875,0.0,0.3435826171875,True
scene_001,built_elements,Lively,0.15,2.71875,2.40625,2.28125,0.3125,0.4375,3457.41357421875,3457.44970703125,0.0361328125,0.345741357421875,True
scene_001,built_elements,Safe,0.3416666666666666,2.859375,2.78125,1.875,0.078125,0.984375,3435.826171875,3435.80419921875,0.02197265625,0.3435826171875,True
scene_001,built_elements,Wealthy,0.975,-3.46875,-3.671875,-2.734375,0.203125,-0.734375,3457.41357421875,3457.41650390625,0.0029296875,0.345741357421875,True
scene_001,built_elements,Boring,0.05833333333333335,-2.421875,-2.90625,-1.953125,0.484375,-0.46875,3435.826171875,3435.83740234375,0.01123046875,0.3435826171875,True
scene_002,natural_elements,Beautiful,2.2333333333333334,7.875,6.5,5.0625,1.375,2.8125,3691.526611328125,3691.515869140625,0.0107421875,0.36915266113281253,True
scene_002,natural_elements,Depressing,-2.775,-0.1875,-0.390625,-0.1875,0.203125,0.0,3633.96044921875,3633.977783203125,0.017333984375,0.363396044921875,True
scene_002,natural_elements,Lively,1.1916666666666667,4.90625,3.296875,2.953125,1.609375,1.953125,3691.526611328125,3691.56494140625,0.038330078125,0.36915266113281253,True
scene_002,natural_elements,Safe,1.0916666666666666,2.5,2.59375,2.703125,-0.09375,-0.203125,3633.96044921875,3633.98291015625,0.0224609375,0.363396044921875,True
scene_002,natural_elements,Wealthy,1.3499999999999999,5.9375,4.90625,4.53125,1.03125,1.40625,3691.526611328125,3691.51220703125,0.014404296875,0.36915266113281253,True
scene_002,natural_elements,Boring,-1.1916666666666667,-0.890625,-1.0625,-0.8125,0.171875,-0.078125,3633.96044921875,3633.96923828125,0.0087890625,0.363396044921875,True
scene_002,traffic_elements,Beautiful,-0.7666666666666666,-2.640625,-3.265625,-2.453125,0.625,-0.1875,3512.265869140625,3512.250732421875,0.01513671875,0.3512265869140625,True
scene_002,traffic_elements,Depressing,0.08333333333333333,-5.78125,-5.34375,-4.6875,-0.4375,-1.09375,3551.753662109375,3551.73046875,0.023193359375,0.35517536621093754,True
scene_002,traffic_elements,Lively,1.4583333333333333,8.15625,8.28125,7.84375,-0.125,0.3125,3512.265869140625,3512.249755859375,0.01611328125,0.3512265869140625,True
scene_002,traffic_elements,Safe,-0.4083333333333334,-2.78125,-1.921875,-2.59375,-0.859375,-0.1875,3551.753662109375,3551.76220703125,0.008544921875,0.35517536621093754,True
scene_002,traffic_elements,Wealthy,0.2416666666666667,-3.21875,-3.46875,-3.296875,0.25,0.078125,3512.265869140625,3512.26318359375,0.002685546875,0.3512265869140625,True
scene_002,traffic_elements,Boring,-0.375,-5.421875,-4.25,-3.109375,-1.171875,-2.3125,3551.753662109375,3551.74609375,0.007568359375,0.35517536621093754,True
scene_002,built_elements,Beautiful,0.48333333333333334,3.625,2.390625,2.71875,1.234375,0.90625,3306.330078125,3306.333740234375,0.003662109375,0.3306330078125,True
scene_002,built_elements,Depressing,-1.0666666666666667,3.484375,3.578125,3.5625,-0.09375,-0.078125,3278.165771484375,3278.13623046875,0.029541015625,0.32781657714843754,True
scene_002,built_elements,Lively,0.15,0.359375,0.734375,0.421875,-0.375,-0.0625,3306.330078125,3306.333251953125,0.003173828125,0.3306330078125,True
scene_002,built_elements,Safe,0.3416666666666666,0.78125,0.484375,0.78125,0.296875,0.0,3278.165771484375,3278.152099609375,0.013671875,0.32781657714843754,True
scene_002,built_elements,Wealthy,0.975,5.265625,4.96875,4.671875,0.296875,0.59375,3306.330078125,3306.312744140625,0.017333984375,0.3306330078125,True
scene_002,built_elements,Boring,0.05833333333333335,2.234375,2.25,2.109375,-0.015625,0.125,3278.165771484375,3278.156982421875,0.0087890625,0.32781657714843754,True
scene_003,natural_elements,Beautiful,2.2333333333333334,1.859375,1.546875,1.921875,0.3125,-0.0625,3570.258056640625,3570.284912109375,0.02685546875,0.3570258056640625,True
scene_003,natural_elements,Depressing,-2.775,-5.8125,-5.015625,-4.203125,-0.796875,-1.609375,3603.78515625,3603.77197265625,0.01318359375,0.360378515625,True
scene_003,natural_elements,Lively,1.1916666666666667,4.828125,4.890625,4.09375,-0.0625,0.734375,3570.258056640625,3570.298095703125,0.0400390625,0.3570258056640625,True
scene_003,natural_elements,Safe,1.0916666666666666,4.203125,2.140625,2.53125,2.0625,1.671875,3603.78515625,3603.818359375,0.033203125,0.360378515625,True
scene_003,natural_elements,Wealthy,1.3499999999999999,0.578125,0.1875,0.265625,0.390625,0.3125,3570.258056640625,3570.24755859375,0.010498046875,0.3570258056640625,True
scene_003,natural_elements,Boring,-1.1916666666666667,-4.703125,-3.640625,-2.5,-1.0625,-2.203125,3603.78515625,3603.7919921875,0.0068359375,0.360378515625,True
scene_003,traffic_elements,Beautiful,-0.7666666666666666,0.546875,-0.6875,-2.0625,1.234375,2.609375,3599.62451171875,3599.6328125,0.00830078125,0.35996245117187503,True
scene_003,traffic_elements,Depressing,0.08333333333333333,1.203125,1.1875,1.421875,0.015625,-0.21875,3557.4091796875,3557.4541015625,0.044921875,0.35574091796875,True
scene_003,traffic_elements,Lively,1.4583333333333333,10.25,9.953125,8.25,0.296875,2.0,3599.62451171875,3599.622314453125,0.002197265625,0.35996245117187503,True
scene_003,traffic_elements,Safe,-0.4083333333333334,-5.703125,-6.25,-5.890625,0.546875,0.1875,3557.4091796875,3557.392578125,0.0166015625,0.35574091796875,True
scene_003,traffic_elements,Wealthy,0.2416666666666667,-2.71875,-2.21875,-1.578125,-0.5,-1.140625,3599.62451171875,3599.609619140625,0.014892578125,0.35996245117187503,True
scene_003,traffic_elements,Boring,-0.375,-3.59375,-4.140625,-4.03125,0.546875,0.4375,3557.4091796875,3557.403564453125,0.005615234375,0.35574091796875,True
scene_003,built_elements,Beautiful,0.48333333333333334,-0.8125,-1.328125,-0.34375,0.515625,-0.46875,3319.345947265625,3319.336181640625,0.009765625,0.3319345947265625,True
scene_003,built_elements,Depressing,-1.0666666666666667,0.5,-0.8125,-0.484375,1.3125,0.984375,3334.865478515625,3334.90185546875,0.036376953125,0.3334865478515625,True
scene_003,built_elements,Lively,0.15,1.703125,1.65625,0.578125,0.046875,1.125,3319.345947265625,3319.326171875,0.019775390625,0.3319345947265625,True
scene_003,built_elements,Safe,0.3416666666666666,3.359375,2.421875,1.546875,0.9375,1.8125,3334.865478515625,3334.904296875,0.038818359375,0.3334865478515625,True
scene_003,built_elements,Wealthy,0.975,0.484375,0.265625,0.46875,0.21875,0.015625,3319.345947265625,3319.358642578125,0.0126953125,0.3319345947265625,True
scene_003,built_elements,Boring,0.05833333333333335,-1.96875,-2.28125,-0.515625,0.3125,-1.453125,3334.865478515625,3334.88330078125,0.017822265625,0.3334865478515625,True
scene_004,natural_elements,Beautiful,2.2333333333333334,8.484375,7.015625,7.734375,1.46875,0.75,3679.1416015625,3679.120361328125,0.021240234375,0.36791416015625,True
scene_004,natural_elements,Depressing,-2.775,0.15625,0.0,0.171875,0.15625,-0.015625,3679.596923828125,3679.606201171875,0.00927734375,0.3679596923828125,True
scene_004,natural_elements,Lively,1.1916666666666667,8.921875,7.15625,5.3125,1.765625,3.609375,3679.1416015625,3679.1689453125,0.02734375,0.36791416015625,True
scene_004,natural_elements,Safe,1.0916666666666666,0.734375,0.453125,0.703125,0.28125,0.03125,3679.596923828125,3679.608154296875,0.01123046875,0.3679596923828125,True
scene_004,natural_elements,Wealthy,1.3499999999999999,6.21875,4.578125,3.328125,1.640625,2.890625,3679.1416015625,3679.1513671875,0.009765625,0.36791416015625,True
scene_004,natural_elements,Boring,-1.1916666666666667,-1.640625,-2.234375,-1.390625,0.59375,-0.25,3679.596923828125,3679.598876953125,0.001953125,0.3679596923828125,True
scene_004,traffic_elements,Beautiful,-0.7666666666666666,-3.6875,-4.453125,-4.09375,0.765625,0.40625,3453.841064453125,3453.821533203125,0.01953125,0.34538410644531253,True
scene_004,traffic_elements,Depressing,0.08333333333333333,-5.453125,-5.765625,-6.609375,0.3125,1.15625,3452.740478515625,3452.742919921875,0.00244140625,0.3452740478515625,True
scene_004,traffic_elements,Lively,1.4583333333333333,5.328125,5.8125,6.0,-0.484375,-0.671875,3453.841064453125,3453.873291015625,0.0322265625,0.34538410644531253,True
scene_004,traffic_elements,Safe,-0.4083333333333334,-1.375,-0.890625,-1.984375,-0.484375,0.609375,3452.740478515625,3452.73974609375,0.000732421875,0.3452740478515625,True
scene_004,traffic_elements,Wealthy,0.2416666666666667,-3.578125,-4.15625,-3.5625,0.578125,-0.015625,3453.841064453125,3453.845947265625,0.0048828125,0.34538410644531253,True
scene_004,traffic_elements,Boring,-0.375,-4.09375,-3.84375,-3.828125,-0.25,-0.265625,3452.740478515625,3452.77490234375,0.034423828125,0.3452740478515625,True
scene_004,built_elements,Beautiful,0.48333333333333334,3.140625,2.0,1.859375,1.140625,1.28125,3530.1884765625,3530.162353515625,0.026123046875,0.35301884765625,True
scene_004,built_elements,Depressing,-1.0666666666666667,3.34375,3.46875,3.484375,-0.125,-0.140625,3546.67724609375,3546.676513671875,0.000732421875,0.354667724609375,True
scene_004,built_elements,Lively,0.15,0.640625,0.859375,-1.34375,-0.21875,1.984375,3530.1884765625,3530.19384765625,0.00537109375,0.35301884765625,True
scene_004,built_elements,Safe,0.3416666666666666,1.4375,1.328125,1.40625,0.109375,0.03125,3546.67724609375,3546.65625,0.02099609375,0.354667724609375,True
scene_004,built_elements,Wealthy,0.975,4.5625,4.03125,3.390625,0.53125,1.171875,3530.1884765625,3530.1533203125,0.03515625,0.35301884765625,True
scene_004,built_elements,Boring,0.05833333333333335,2.21875,2.328125,2.25,-0.109375,-0.03125,3546.67724609375,3546.7021484375,0.02490234375,0.354667724609375,True
scene_005,natural_elements,Beautiful,2.2333333333333334,5.859375,5.953125,5.1875,-0.09375,0.671875,3476.93017578125,3476.960693359375,0.030517578125,0.34769301757812504,True
scene_005,natural_elements,Depressing,-2.775,-9.140625,-9.015625,-7.9375,-0.125,-1.203125,3501.92822265625,3501.91357421875,0.0146484375,0.35019282226562504,True
scene_005,natural_elements,Lively,1.1916666666666667,7.5,7.625,6.296875,-0.125,1.203125,3476.93017578125,3476.91650390625,0.013671875,0.34769301757812504,True
scene_005,natural_elements,Safe,1.0916666666666666,3.421875,2.265625,2.09375,1.15625,1.328125,3501.92822265625,3501.8974609375,0.03076171875,0.35019282226562504,True
scene_005,natural_elements,Wealthy,1.3499999999999999,1.71875,1.71875,2.078125,0.0,-0.359375,3476.93017578125,3476.954833984375,0.024658203125,0.34769301757812504,True
scene_005,natural_elements,Boring,-1.1916666666666667,-7.703125,-7.0625,-5.015625,-0.640625,-2.6875,3501.92822265625,3501.935791015625,0.007568359375,0.35019282226562504,True
scene_005,traffic_elements,Beautiful,-0.7666666666666666,-0.15625,-0.46875,-0.921875,0.3125,0.765625,3307.407470703125,3307.367919921875,0.03955078125,0.33074074707031254,True
scene_005,traffic_elements,Depressing,0.08333333333333333,3.765625,3.984375,3.4375,-0.21875,0.328125,3254.69482421875,3254.691650390625,0.003173828125,0.325469482421875,True
scene_005,traffic_elements,Lively,1.4583333333333333,8.8125,8.6875,7.578125,0.125,1.234375,3307.407470703125,3307.414794921875,0.00732421875,0.33074074707031254,True
scene_005,traffic_elements,Safe,-0.4083333333333334,-3.75,-4.40625,-3.640625,0.65625,-0.109375,3254.69482421875,3254.705322265625,0.010498046875,0.325469482421875,True
scene_005,traffic_elements,Wealthy,0.2416666666666667,0.5,0.296875,-1.546875,0.203125,2.046875,3307.407470703125,3307.410888671875,0.00341796875,0.33074074707031254,True
scene_005,traffic_elements,Boring,-0.375,-1.09375,-1.5625,-0.734375,0.46875,-0.359375,3254.69482421875,3254.73193359375,0.037109375,0.325469482421875,True
scene_005,built_elements,Beautiful,0.48333333333333334,-1.765625,-1.96875,-1.46875,0.203125,-0.296875,3339.200927734375,3339.2119140625,0.010986328125,0.33392009277343754,True
scene_005,built_elements,Depressing,-1.0666666666666667,-3.046875,-3.234375,-3.59375,0.1875,0.546875,3343.753662109375,3343.774169921875,0.0205078125,0.3343753662109375,True
scene_005,built_elements,Lively,0.15,2.65625,2.953125,2.28125,-0.296875,0.375,3339.200927734375,3339.199951171875,0.0009765625,0.33392009277343754,True
scene_005,built_elements,Safe,0.3416666666666666,1.46875,0.953125,0.734375,0.515625,0.734375,3343.753662109375,3343.78466796875,0.031005859375,0.3343753662109375,True
scene_005,built_elements,Wealthy,0.975,-1.0,-1.171875,-0.71875,0.171875,-0.28125,3339.200927734375,3339.221435546875,0.0205078125,0.33392009277343754,True
scene_005,built_elements,Boring,0.05833333333333335,-2.46875,-2.390625,-1.859375,-0.078125,-0.609375,3343.753662109375,3343.78076171875,0.027099609375,0.3343753662109375,True
scene_006,natural_elements,Beautiful,2.2333333333333334,9.25,8.53125,5.328125,0.71875,3.921875,3723.53369140625,3723.521728515625,0.011962890625,0.372353369140625,True
scene_006,natural_elements,Depressing,-2.775,-2.484375,-3.0,-3.34375,0.515625,0.859375,3704.98095703125,3704.993408203125,0.012451171875,0.37049809570312503,True
scene_006,natural_elements,Lively,1.1916666666666667,7.953125,6.046875,4.59375,1.90625,3.359375,3723.53369140625,3723.484375,0.04931640625,0.372353369140625,True
scene_006,natural_elements,Safe,1.0916666666666666,2.359375,2.078125,2.0625,0.28125,0.296875,3704.98095703125,3704.978515625,0.00244140625,0.37049809570312503,True
scene_006,natural_elements,Wealthy,1.3499999999999999,5.375,4.421875,4.125,0.953125,1.25,3723.53369140625,3723.548828125,0.01513671875,0.372353369140625,True
scene_006,natural_elements,Boring,-1.1916666666666667,-1.34375,-1.9375,-1.03125,0.59375,-0.3125,3704.98095703125,3705.01416015625,0.033203125,0.37049809570312503,True
scene_006,traffic_elements,Beautiful,-0.7666666666666666,-1.390625,-2.0,-1.8125,0.609375,0.421875,3245.2763671875,3245.2568359375,0.01953125,0.32452763671875,True
scene_006,traffic_elements,Depressing,0.08333333333333333,-3.5625,-3.359375,-3.109375,-0.203125,-0.453125,3296.307373046875,3296.289306640625,0.01806640625,0.3296307373046875,True
scene_006,traffic_elements,Lively,1.4583333333333333,4.796875,5.203125,4.421875,-0.40625,0.375,3245.2763671875,3245.269775390625,0.006591796875,0.32452763671875,True
scene_006,traffic_elements,Safe,-0.4083333333333334,-4.71875,-4.59375,-3.5,-0.125,-1.21875,3296.307373046875,3296.27880859375,0.028564453125,0.3296307373046875,True
scene_006,traffic_elements,Wealthy,0.2416666666666667,-0.890625,-1.375,-1.078125,0.484375,0.1875,3245.2763671875,3245.307373046875,0.031005859375,0.32452763671875,True
scene_006,traffic_elements,Boring,-0.375,-4.546875,-4.015625,-4.9375,-0.53125,0.390625,3296.307373046875,3296.297119140625,0.01025390625,0.3296307373046875,True
scene_006,built_elements,Beautiful,0.48333333333333334,2.84375,1.8125,1.890625,1.03125,0.953125,3252.92626953125,3252.916259765625,0.010009765625,0.325292626953125,True
scene_006,built_elements,Depressing,-1.0666666666666667,1.984375,1.890625,2.0625,0.09375,-0.078125,3259.932861328125,3259.917724609375,0.01513671875,0.32599328613281253,True
scene_006,built_elements,Lively,0.15,2.03125,1.03125,0.375,1.0,1.65625,3252.92626953125,3252.8984375,0.02783203125,0.325292626953125,True
scene_006,built_elements,Safe,0.3416666666666666,0.84375,0.671875,0.96875,0.171875,-0.125,3259.932861328125,3259.9091796875,0.023681640625,0.32599328613281253,True
scene_006,built_elements,Wealthy,0.975,3.796875,2.828125,2.59375,0.96875,1.203125,3252.92626953125,3252.91796875,0.00830078125,0.325292626953125,True
scene_006,built_elements,Boring,0.05833333333333335,1.828125,1.734375,1.5625,0.09375,0.265625,3259.932861328125,3259.970947265625,0.0380859375,0.32599328613281253,True
scene_007,natural_elements,Beautiful,2.2333333333333334,0.90625,0.84375,0.765625,0.0625,0.140625,3575.98095703125,3575.94482421875,0.0361328125,0.357598095703125,True
scene_007,natural_elements,Depressing,-2.775,-7.140625,-6.515625,-5.046875,-0.625,-2.09375,3612.192138671875,3612.17431640625,0.017822265625,0.3612192138671875,True
scene_007,natural_elements,Lively,1.1916666666666667,3.203125,3.453125,3.09375,-0.25,0.109375,3575.98095703125,3575.98388671875,0.0029296875,0.357598095703125,True
scene_007,natural_elements,Safe,1.0916666666666666,3.75,1.453125,2.296875,2.296875,1.453125,3612.192138671875,3612.184814453125,0.00732421875,0.3612192138671875,True
scene_007,natural_elements,Wealthy,1.3499999999999999,-0.890625,-1.390625,-1.484375,0.5,0.59375,3575.98095703125,3575.936279296875,0.044677734375,0.357598095703125,True
scene_007,natural_elements,Boring,-1.1916666666666667,-5.296875,-4.453125,-4.0625,-0.84375,-1.234375,3612.192138671875,3612.165771484375,0.0263671875,0.3612192138671875,True
scene_007,traffic_elements,Beautiful,-0.7666666666666666,-1.8125,-2.3125,-2.03125,0.5,0.21875,3617.9541015625,3617.9619140625,0.0078125,0.36179541015625,True
scene_007,traffic_elements,Depressing,0.08333333333333333,-1.203125,-1.6875,-1.5625,0.484375,0.359375,3550.360595703125,3550.35009765625,0.010498046875,0.35503605957031253,True
scene_007,traffic_elements,Lively,1.4583333333333333,8.765625,8.1875,6.078125,0.578125,2.6875,3617.9541015625,3617.96142578125,0.00732421875,0.36179541015625,True
scene_007,traffic_elements,Safe,-0.4083333333333334,-5.390625,-6.5625,-5.046875,1.171875,-0.34375,3550.360595703125,3550.347412109375,0.01318359375,0.35503605957031253,True
scene_007,traffic_elements,Wealthy,0.2416666666666667,3.53125,2.1875,0.265625,1.34375,3.265625,3617.9541015625,3617.96728515625,0.01318359375,0.36179541015625,True
scene_007,traffic_elements,Boring,-0.375,-2.953125,-4.046875,-3.515625,1.09375,0.5625,3550.360595703125,3550.370361328125,0.009765625,0.35503605957031253,True
scene_007,built_elements,Beautiful,0.48333333333333334,-0.96875,-1.390625,-1.078125,0.421875,0.109375,3391.959716796875,3391.95654296875,0.003173828125,0.3391959716796875,True
scene_007,built_elements,Depressing,-1.0666666666666667,-3.515625,-3.265625,-2.5625,-0.25,-0.953125,3389.0634765625,3389.052734375,0.0107421875,0.33890634765625,True
scene_007,built_elements,Lively,0.15,0.84375,0.4375,0.359375,0.40625,0.484375,3391.959716796875,3391.936279296875,0.0234375,0.3391959716796875,True
scene_007,built_elements,Safe,0.3416666666666666,2.984375,1.625,1.40625,1.359375,1.578125,3389.0634765625,3389.0634765625,0.0,0.33890634765625,True
scene_007,built_elements,Wealthy,0.975,-0.546875,-1.453125,-0.640625,0.90625,0.09375,3391.959716796875,3391.9541015625,0.005615234375,0.3391959716796875,True
scene_007,built_elements,Boring,0.05833333333333335,-2.75,-2.515625,-1.734375,-0.234375,-1.015625,3389.0634765625,3389.0205078125,0.04296875,0.33890634765625,True
scene_008,natural_elements,Beautiful,2.2333333333333334,8.515625,7.109375,3.421875,1.40625,5.09375,3710.24169921875,3710.198974609375,0.042724609375,0.37102416992187504,True
scene_008,natural_elements,Depressing,-2.775,-0.734375,-0.84375,-0.484375,0.109375,-0.25,3711.0537109375,3711.073486328125,0.019775390625,0.37110537109375,True
scene_008,natural_elements,Lively,1.1916666666666667,5.328125,3.546875,2.609375,1.78125,2.71875,3710.24169921875,3710.274169921875,0.032470703125,0.37102416992187504,True
scene_008,natural_elements,Safe,1.0916666666666666,2.71875,2.609375,2.796875,0.109375,-0.078125,3711.0537109375,3711.045166015625,0.008544921875,0.37110537109375,True
scene_008,natural_elements,Wealthy,1.3499999999999999,4.96875,3.984375,4.53125,0.984375,0.4375,3710.24169921875,3710.29150390625,0.0498046875,0.37102416992187504,True
scene_008,natural_elements,Boring,-1.1916666666666667,-1.0625,-1.34375,-1.109375,0.28125,0.046875,3711.0537109375,3711.035888671875,0.017822265625,0.37110537109375,True
scene_008,traffic_elements,Beautiful,-0.7666666666666666,-1.796875,-2.46875,-1.59375,0.671875,-0.203125,3395.439453125,3395.43505859375,0.00439453125,0.33954394531250004,True
scene_008,traffic_elements,Depressing,0.08333333333333333,-4.59375,-4.359375,-3.921875,-0.234375,-0.671875,3415.380126953125,3415.36669921875,0.013427734375,0.34153801269531253,True
scene_008,traffic_elements,Lively,1.4583333333333333,7.171875,7.46875,6.25,-0.296875,0.921875,3395.439453125,3395.446044921875,0.006591796875,0.33954394531250004,True
scene_008,traffic_elements,Safe,-0.4083333333333334,-3.421875,-3.140625,-3.5,-0.28125,0.078125,3415.380126953125,3415.40576171875,0.025634765625,0.34153801269531253,True
scene_008,traffic_elements,Wealthy,0.2416666666666667,-0.375,-0.75,-0.4375,0.375,0.0625,3395.439453125,3395.443603515625,0.004150390625,0.33954394531250004,True
scene_008,traffic_elements,Boring,-0.375,-5.125,-4.78125,-3.46875,-0.34375,-1.65625,3415.380126953125,3415.348388671875,0.03173828125,0.34153801269531253,True
scene_008,built_elements,Beautiful,0.48333333333333334,3.1875,2.359375,1.25,0.828125,1.9375,3817.286865234375,3817.279541015625,0.00732421875,0.3817286865234375,True
scene_008,built_elements,Depressing,-1.0666666666666667,1.875,1.890625,1.671875,-0.015625,0.203125,3835.382080078125,3835.3720703125,0.010009765625,0.3835382080078125,True
scene_008,built_elements,Lively,0.15,-0.328125,0.046875,0.15625,-0.375,-0.484375,3817.286865234375,3817.28125,0.005615234375,0.3817286865234375,True
scene_008,built_elements,Safe,0.3416666666666666,1.671875,1.34375,1.53125,0.328125,0.140625,3835.382080078125,3835.36328125,0.018798828125,0.3835382080078125,True
scene_008,built_elements,Wealthy,0.975,4.34375,3.765625,2.203125,0.578125,2.140625,3817.286865234375,3817.3251953125,0.038330078125,0.3817286865234375,True
scene_008,built_elements,Boring,0.05833333333333335,1.359375,1.234375,1.25,0.125,0.109375,3835.382080078125,3835.37255859375,0.009521484375,0.3835382080078125,True
scene_009,natural_elements,Beautiful,2.2333333333333334,0.921875,0.84375,0.8125,0.078125,0.109375,3545.256103515625,3545.263916015625,0.0078125,0.3545256103515625,True
scene_009,natural_elements,Depressing,-2.775,-7.296875,-7.578125,-4.53125,0.28125,-2.765625,3561.03759765625,3560.996826171875,0.040771484375,0.356103759765625,True
scene_009,natural_elements,Lively,1.1916666666666667,4.78125,5.03125,4.125,-0.25,0.65625,3545.256103515625,3545.273193359375,0.01708984375,0.3545256103515625,True
scene_009,natural_elements,Safe,1.0916666666666666,4.953125,3.8125,3.46875,1.140625,1.484375,3561.03759765625,3561.03564453125,0.001953125,0.356103759765625,True
scene_009,natural_elements,Wealthy,1.3499999999999999,-1.28125,-1.3125,-1.34375,0.03125,0.0625,3545.256103515625,3545.2646484375,0.008544921875,0.3545256103515625,True
scene_009,natural_elements,Boring,-1.1916666666666667,-4.59375,-4.078125,-3.203125,-0.515625,-1.390625,3561.03759765625,3561.0439453125,0.00634765625,0.356103759765625,True
scene_009,traffic_elements,Beautiful,-0.7666666666666666,-0.3125,0.3125,1.6875,-0.625,-2.0,3582.165283203125,3582.17236328125,0.007080078125,0.35821652832031253,True
scene_009,traffic_elements,Depressing,0.08333333333333333,4.15625,4.703125,3.484375,-0.546875,0.671875,3540.69091796875,3540.69677734375,0.005859375,0.354069091796875,True
scene_009,traffic_elements,Lively,1.4583333333333333,8.328125,8.5625,5.09375,-0.234375,3.234375,3582.165283203125,3582.146728515625,0.0185546875,0.35821652832031253,True
scene_009,traffic_elements,Safe,-0.4083333333333334,-6.28125,-6.78125,-5.78125,0.5,-0.5,3540.69091796875,3540.694091796875,0.003173828125,0.354069091796875,True
scene_009,traffic_elements,Wealthy,0.2416666666666667,2.3125,3.0625,2.140625,-0.75,0.171875,3582.165283203125,3582.16748046875,0.002197265625,0.35821652832031253,True
scene_009,traffic_elements,Boring,-0.375,-0.890625,-1.375,-0.984375,0.484375,0.09375,3540.69091796875,3540.699951171875,0.009033203125,0.354069091796875,True
scene_009,built_elements,Beautiful,0.48333333333333334,-1.921875,-2.1875,-1.515625,0.265625,-0.40625,3182.072265625,3182.087646484375,0.015380859375,0.3182072265625,True
scene_009,built_elements,Depressing,-1.0666666666666667,-2.34375,-3.328125,-1.28125,0.984375,-1.0625,3202.49658203125,3202.484619140625,0.011962890625,0.320249658203125,True
scene_009,built_elements,Lively,0.15,0.15625,0.015625,0.34375,0.140625,-0.1875,3182.072265625,3182.072509765625,0.000244140625,0.3182072265625,True
scene_009,built_elements,Safe,0.3416666666666666,4.203125,3.484375,2.890625,0.71875,1.3125,3202.49658203125,3202.5087890625,0.01220703125,0.320249658203125,True
scene_009,built_elements,Wealthy,0.975,-2.625,-2.84375,-2.296875,0.21875,-0.328125,3182.072265625,3182.094482421875,0.022216796875,0.3182072265625,True
scene_009,built_elements,Boring,0.05833333333333335,-0.9375,-1.78125,-0.078125,0.84375,-0.859375,3202.49658203125,3202.473388671875,0.023193359375,0.320249658203125,True
scene_010,natural_elements,Beautiful,2.2333333333333334,8.453125,7.578125,4.765625,0.875,3.6875,3526.001220703125,3525.97265625,0.028564453125,0.3526001220703125,True
scene_010,natural_elements,Depressing,-2.775,-2.171875,-2.734375,-2.1875,0.5625,0.015625,3520.411865234375,3520.383544921875,0.0283203125,0.3520411865234375,True
scene_010,natural_elements,Lively,1.1916666666666667,3.859375,2.75,1.484375,1.109375,2.375,3526.001220703125,3525.9658203125,0.035400390625,0.3526001220703125,True
scene_010,natural_elements,Safe,1.0916666666666666,2.46875,2.21875,2.234375,0.25,0.234375,3520.411865234375,3520.42578125,0.013916015625,0.3520411865234375,True
scene_010,natural_elements,Wealthy,1.3499999999999999,5.21875,5.5625,4.21875,-0.34375,1.0,3526.001220703125,3525.98779296875,0.013427734375,0.3526001220703125,True
scene_010,natural_elements,Boring,-1.1916666666666667,-1.15625,-1.65625,-1.46875,0.5,0.3125,3520.411865234375,3520.415771484375,0.00390625,0.3520411865234375,True
scene_010,traffic_elements,Beautiful,-0.7666666666666666,-1.75,-2.4375,-1.71875,0.6875,-0.03125,3320.497314453125,3320.49560546875,0.001708984375,0.3320497314453125,True
scene_010,traffic_elements,Depressing,0.08333333333333333,-3.953125,-4.25,-3.421875,0.296875,-0.53125,3331.45947265625,3331.4619140625,0.00244140625,0.333145947265625,True
scene_010,traffic_elements,Lively,1.4583333333333333,0.90625,1.8125,0.75,-0.90625,0.15625,3320.497314453125,3320.499267578125,0.001953125,0.3320497314453125,True
scene_010,traffic_elements,Safe,-0.4083333333333334,-5.078125,-4.015625,-3.5,-1.0625,-1.578125,3331.45947265625,3331.461181640625,0.001708984375,0.333145947265625,True
scene_010,traffic_elements,Wealthy,0.2416666666666667,-3.671875,-3.5625,-2.9375,-0.109375,-0.734375,3320.497314453125,3320.515869140625,0.0185546875,0.3320497314453125,True
scene_010,traffic_elements,Boring,-0.375,-3.71875,-3.671875,-1.921875,-0.046875,-1.796875,3331.45947265625,3331.4462890625,0.01318359375,0.333145947265625,True
scene_010,built_elements,Beautiful,0.48333333333333334,2.21875,2.140625,2.125,0.078125,0.09375,3164.886474609375,3164.9033203125,0.016845703125,0.3164886474609375,True
scene_010,built_elements,Depressing,-1.0666666666666667,4.53125,4.46875,4.296875,0.0625,0.234375,3172.775146484375,3172.763671875,0.011474609375,0.3172775146484375,True
scene_010,built_elements,Lively,0.15,0.625,0.875,-1.1875,-0.25,1.8125,3164.886474609375,3164.870849609375,0.015625,0.3164886474609375,True
scene_010,built_elements,Safe,0.3416666666666666,-0.96875,-1.15625,-0.84375,0.1875,-0.125,3172.775146484375,3172.81640625,0.041259765625,0.3172775146484375,True
scene_010,built_elements,Wealthy,0.975,4.203125,5.1875,4.6875,-0.984375,-0.484375,3164.886474609375,3164.91259765625,0.026123046875,0.3164886474609375,True
scene_010,built_elements,Boring,0.05833333333333335,2.703125,2.625,2.6875,0.078125,0.015625,3172.775146484375,3172.776123046875,0.0009765625,0.3172775146484375,True
scene_011,natural_elements,Beautiful,2.2333333333333334,5.671875,5.640625,5.109375,0.03125,0.5625,3705.165771484375,3705.16650390625,0.000732421875,0.3705165771484375,True
scene_011,natural_elements,Depressing,-2.775,-8.140625,-7.09375,-6.71875,-1.046875,-1.421875,3720.23486328125,3720.22509765625,0.009765625,0.37202348632812504,True
scene_011,natural_elements,Lively,1.1916666666666667,6.234375,6.390625,6.234375,-0.15625,0.0,3705.165771484375,3705.12890625,0.036865234375,0.3705165771484375,True
scene_011,natural_elements,Safe,1.0916666666666666,4.765625,2.390625,2.015625,2.375,2.75,3720.23486328125,3720.2333984375,0.00146484375,0.37202348632812504,True
scene_011,natural_elements,Wealthy,1.3499999999999999,6.203125,6.078125,5.453125,0.125,0.75,3705.165771484375,3705.1513671875,0.014404296875,0.3705165771484375,True
scene_011,natural_elements,Boring,-1.1916666666666667,-6.53125,-4.6875,-5.359375,-1.84375,-1.171875,3720.23486328125,3720.248046875,0.01318359375,0.37202348632812504,True
scene_011,traffic_elements,Beautiful,-0.7666666666666666,0.28125,-0.3125,-0.671875,0.59375,0.953125,3338.878662109375,3338.890869140625,0.01220703125,0.3338878662109375,True
scene_011,traffic_elements,Depressing,0.08333333333333333,1.78125,2.0,1.875,-0.21875,-0.09375,3316.744384765625,3316.739501953125,0.0048828125,0.3316744384765625,True
scene_011,traffic_elements,Lively,1.4583333333333333,8.9375,9.21875,3.75,-0.28125,5.1875,3338.878662109375,3338.899169921875,0.0205078125,0.3338878662109375,True
scene_011,traffic_elements,Safe,-0.4083333333333334,-3.703125,-4.796875,-3.21875,1.09375,-0.484375,3316.744384765625,3316.7705078125,0.026123046875,0.3316744384765625,True
scene_011,traffic_elements,Wealthy,0.2416666666666667,1.4375,0.75,0.1875,0.6875,1.25,3338.878662109375,3338.871337890625,0.00732421875,0.3338878662109375,True
scene_011,traffic_elements,Boring,-0.375,-2.0,-2.6875,-2.265625,0.6875,0.265625,3316.744384765625,3316.744384765625,0.0,0.3316744384765625,True
scene_011,built_elements,Beautiful,0.48333333333333334,0.25,-0.109375,0.28125,0.359375,-0.03125,3283.31787109375,3283.328369140625,0.010498046875,0.328331787109375,True
scene_011,built_elements,Depressing,-1.0666666666666667,-0.984375,-1.703125,-0.421875,0.71875,-0.5625,3275.926513671875,3275.94677734375,0.020263671875,0.3275926513671875,True
scene_011,built_elements,Lively,0.15,1.234375,1.0625,0.953125,0.171875,0.28125,3283.31787109375,3283.32568359375,0.0078125,0.328331787109375,True
scene_011,built_elements,Safe,0.3416666666666666,6.0625,4.6875,3.34375,1.375,2.71875,3275.926513671875,3275.95849609375,0.031982421875,0.3275926513671875,True
scene_011,built_elements,Wealthy,0.975,2.203125,2.375,2.15625,-0.171875,0.046875,3283.31787109375,3283.31591796875,0.001953125,0.328331787109375,True
scene_011,built_elements,Boring,0.05833333333333335,-2.234375,-2.203125,-2.25,-0.03125,0.015625,3275.926513671875,3275.9609375,0.034423828125,0.3275926513671875,True
scene_012,natural_elements,Beautiful,2.2333333333333334,8.09375,6.3125,5.765625,1.78125,2.328125,3611.026123046875,3611.035400390625,0.00927734375,0.36110261230468754,True
scene_012,natural_elements,Depressing,-2.775,-1.875,-2.4375,-1.890625,0.5625,0.015625,3563.117919921875,3563.08203125,0.035888671875,0.35631179199218754,True
scene_012,natural_elements,Lively,1.1916666666666667,5.5625,3.5625,6.71875,2.0,-1.15625,3611.026123046875,3611.02685546875,0.000732421875,0.36110261230468754,True
scene_012,natural_elements,Safe,1.0916666666666666,2.75,2.625,2.28125,0.125,0.46875,3563.117919921875,3563.1533203125,0.035400390625,0.35631179199218754,True
scene_012,natural_elements,Wealthy,1.3499999999999999,6.109375,4.453125,3.515625,1.65625,2.59375,3611.026123046875,3611.030517578125,0.00439453125,0.36110261230468754,True
scene_012,natural_elements,Boring,-1.1916666666666667,-0.875,-1.3125,-1.078125,0.4375,0.203125,3563.117919921875,3563.1259765625,0.008056640625,0.35631179199218754,True
scene_012,traffic_elements,Beautiful,-0.7666666666666666,-2.5,-3.234375,-2.40625,0.734375,-0.09375,3438.908203125,3438.908447265625,0.000244140625,0.3438908203125,True
scene_012,traffic_elements,Depressing,0.08333333333333333,-4.671875,-4.453125,-3.8125,-0.21875,-0.859375,3465.728759765625,3465.74365234375,0.014892578125,0.3465728759765625,True
scene_012,traffic_elements,Lively,1.4583333333333333,6.875,7.03125,6.515625,-0.15625,0.359375,3438.908203125,3438.914306640625,0.006103515625,0.3438908203125,True
scene_012,traffic_elements,Safe,-0.4083333333333334,-2.96875,-2.328125,-2.65625,-0.640625,-0.3125,3465.728759765625,3465.7333984375,0.004638671875,0.3465728759765625,True
scene_012,traffic_elements,Wealthy,0.2416666666666667,-2.140625,-2.609375,-2.5,0.46875,0.359375,3438.908203125,3438.918701171875,0.010498046875,0.3438908203125,True
scene_012,traffic_elements,Boring,-0.375,-4.609375,-4.109375,-4.078125,-0.5,-0.53125,3465.728759765625,3465.74169921875,0.012939453125,0.3465728759765625,True
scene_012,built_elements,Beautiful,0.48333333333333334,3.65625,3.09375,2.75,0.5625,0.90625,3400.7099609375,3400.703857421875,0.006103515625,0.34007099609375,True
scene_012,built_elements,Depressing,-1.0666666666666667,0.484375,0.28125,0.203125,0.203125,0.28125,3362.86669921875,3362.871337890625,0.004638671875,0.336286669921875,True
scene_012,built_elements,Lively,0.15,1.125,1.125,0.4375,0.0,0.6875,3400.7099609375,3400.67236328125,0.03759765625,0.34007099609375,True
scene_012,built_elements,Safe,0.3416666666666666,0.78125,0.453125,0.796875,0.328125,-0.015625,3362.86669921875,3362.900146484375,0.033447265625,0.336286669921875,True
scene_012,built_elements,Wealthy,0.975,4.296875,3.84375,3.34375,0.453125,0.953125,3400.7099609375,3400.6904296875,0.01953125,0.34007099609375,True
scene_012,built_elements,Boring,0.05833333333333335,0.734375,0.53125,0.515625,0.203125,0.21875,3362.86669921875,3362.886474609375,0.019775390625,0.336286669921875,True
