generation_id,prompt_condition,transport_success,valid_n,rejected_n,complete_100,fit_status,population_unique_ratio,population_log_range,road_unique_ratio,road_log_range,gdp_unique_ratio,gdp_log_range
distribution_baseline_001,Baseline prompt,1,100,0,1,ok,0.99,0.8648516335739638,0.97,0.9732214952751042,1.0,0.8270376950094378
distribution_blueprint_001,Blueprint prompt,1,100,0,1,ok,1.0,2.6575773191777934,1.0,1.7356928113607588,0.79,2.788168371141168
distribution_baseline_002,Baseline prompt,1,100,0,1,ok,0.88,1.7043650362227245,0.65,1.1597008428675122,0.81,1.5956258813225528
distribution_blueprint_002,Blueprint prompt,1,100,0,1,ok,1.0,2.6478174818886373,1.0,2.1760912590556813,1.0,2.5360170406955937
distribution_baseline_003,Baseline prompt,1,100,0,1,ok,0.76,0.8054253352503062,0.62,0.7185655603993992,0.64,0.7974564055790303
distribution_blueprint_003,Blueprint prompt,1,91,0,0,ok,1.0,2.6020599913279625,0.5824175824175825,1.8016323462331665,0.978021978021978,3.096910013008056
distribution_baseline_004,Baseline prompt,1,100,0,1,ok,0.99,0.8867319132645557,0.93,0.8020276265752839,0.98,1.0354354222694138
distribution_blueprint_004,Blueprint prompt,1,90,0,0,ok,0.9222222222222224,2.5376020021010444,0.7666666666666667,1.9542425094393248,0.8222222222222222,2.619788758288394
distribution_baseline_005,Baseline prompt,1,100,0,1,ok,0.66,0.512659580098652,0.46,0.5496719218682742,0.99,0.5640431547529374
distribution_blueprint_005,Blueprint prompt,1,100,0,1,ok,1.0,2.4881166390211256,0.99,1.5740312677277188,1.0,1.8664610916297824
distribution_baseline_006,Baseline prompt,1,100,0,1,ok,0.65,0.9268586308771588,0.47,0.6020599913279621,0.97,0.7785988180835854
distribution_blueprint_006,Blueprint prompt,1,100,0,1,ok,1.0,2.6478174818886373,1.0,1.989004615698537,1.0,1.8181564120552276
distribution_baseline_007,Baseline prompt,1,100,0,1,ok,0.58,0.5843312243675305,0.4,0.5619427681199798,0.76,0.6746106584765741
distribution_blueprint_007,Blueprint prompt,1,100,0,1,ok,1.0,2.721246399047171,1.0,1.6575773191777938,1.0,2.017728766960432
distribution_baseline_008,Baseline prompt,1,100,0,1,ok,0.82,0.9183759535911776,0.82,0.465071959031059,0.56,0.6901960800285138
distribution_blueprint_008,Blueprint prompt,1,100,0,1,ok,0.79,3.6108339156354674,0.74,2.3010299956639813,0.77,2.795880017344075
distribution_baseline_009,Baseline prompt,1,100,0,1,ok,0.69,0.4074853265782678,0.57,0.5440680443502757,1.0,0.4709397810506885
distribution_blueprint_009,Blueprint prompt,1,100,0,1,ok,1.0,2.7328282715969863,1.0,2.5910646070264995,1.0,2.903089986991944
distribution_baseline_010,Baseline prompt,1,100,0,1,ok,0.62,0.6054397319793425,0.49,0.639201799332529,0.46,0.5642714304385628
distribution_blueprint_010,Blueprint prompt,1,100,0,1,ok,1.0,2.6020599913279625,1.0,2.513333427374107,1.0,2.4685210829577446
distribution_baseline_011,Baseline prompt,1,100,0,1,ok,0.96,0.7708212117072417,0.64,0.6139592146276702,0.98,0.9307853489135648
distribution_blueprint_011,Blueprint prompt,1,100,0,1,ok,1.0,2.7447274948966944,1.0,2.397940008672037,1.0,2.665546248849069
distribution_baseline_012,Baseline prompt,1,100,0,1,ok,1.0,0.7835932676561201,0.99,0.6936736645260702,1.0,0.8236203818283689
distribution_blueprint_012,Blueprint prompt,1,99,1,0,ok,0.8282828282828283,2.809668301829708,0.7272727272727273,1.7431736668280724,0.9494949494949496,2.4436974992327127
distribution_baseline_013,Baseline prompt,1,100,0,1,ok,0.93,0.690089604176948,0.91,0.4973021052252497,0.99,1.0292586416892355
distribution_blueprint_013,Blueprint prompt,1,100,0,1,ok,1.0,2.638272163982407,1.0,1.888026240556068,1.0,2.406713932979543
distribution_baseline_014,Baseline prompt,1,100,0,1,ok,0.99,0.9515781177579132,0.58,0.6020599913279621,0.99,0.939146100769186
distribution_blueprint_014,Blueprint prompt,1,100,0,1,ok,0.89,2.6020599913279625,0.97,1.8249931222365383,0.83,2.6989700043360187
distribution_baseline_015,Baseline prompt,1,100,0,1,ok,0.77,0.9652378937407882,0.87,0.801954165056268,0.96,1.23117821538996
distribution_blueprint_015,Blueprint prompt,1,100,0,1,ok,0.99,2.6020599913279625,0.99,1.8785778371145376,0.47,2.3891660843645326
distribution_baseline_016,Baseline prompt,1,100,0,1,ok,0.6,1.0413926851582254,0.84,0.3979400086720375,0.73,1.0
distribution_blueprint_016,Blueprint prompt,1,96,0,0,ok,1.0,2.6020599913279625,1.0,1.903089986991944,0.7083333333333334,2.397940008672037
distribution_baseline_017,Baseline prompt,1,95,2,0,ok,0.8631578947368421,0.7678512937438313,0.6210526315789474,0.5440680443502757,0.7578947368421053,0.6139592146276698
distribution_blueprint_017,Blueprint prompt,1,95,0,0,ok,0.8947368421052632,2.7569619513137056,0.7894736842105263,1.812913356642856,0.7368421052631579,2.397940008672037
distribution_baseline_018,Baseline prompt,1,100,0,1,ok,0.78,1.3477733992063072,0.34,0.7533276666586115,0.79,1.4534573365218684
distribution_blueprint_018,Blueprint prompt,1,100,0,1,ok,1.0,2.6989700043360187,1.0,2.1983676537668337,1.0,2.707743928643524
distribution_baseline_019,Baseline prompt,1,95,0,0,ok,1.0,0.9603464323132584,0.8421052631578947,0.915534806446201,0.9157894736842104,0.8628873316046946
distribution_blueprint_019,Blueprint prompt,1,92,0,0,ok,0.8369565217391305,2.3010299956639813,0.7282608695652174,1.5228787452803378,0.5652173913043478,1.4436974992327127
distribution_baseline_020,Baseline prompt,1,100,0,1,ok,0.65,0.6960650136926114,0.57,0.7481880270062002,0.93,0.8796088911424214
distribution_blueprint_020,Blueprint prompt,1,97,0,0,ok,0.7938144329896907,2.6020599913279625,0.7319587628865979,1.8777841217271731,0.8144329896907216,1.8927900303521317
distribution_baseline_021,Baseline prompt,1,104,0,0,ok,0.9423076923076924,0.8787811532168295,0.9807692307692308,0.6976288983339116,0.9230769230769232,0.9588874144850884
distribution_blueprint_021,Blueprint prompt,1,98,0,0,ok,0.9897959183673468,2.560667306169737,0.7448979591836735,2.1249387366083,0.9387755102040816,2.552841968657781
distribution_baseline_022,Baseline prompt,1,100,0,1,ok,0.45,0.3290587192642249,0.44,0.4771212547196621,0.69,0.4191293077419757
distribution_blueprint_022,Blueprint prompt,1,100,0,1,ok,1.0,2.638272163982407,0.98,2.019006910146305,0.83,3.089551882886454
distribution_baseline_023,Baseline prompt,1,100,0,1,ok,0.89,0.8419318450775908,0.69,0.7781512503836439,0.7,0.907997321486688
distribution_blueprint_023,Blueprint prompt,1,100,0,1,ok,1.0,2.6989700043360187,0.94,2.6766936096248664,0.99,2.795880017344075
distribution_baseline_024,Baseline prompt,1,100,0,1,ok,1.0,0.5952754608736832,0.69,0.4422837435671449,0.66,0.5755524408482522
distribution_blueprint_024,Blueprint prompt,1,100,0,1,ok,1.0,2.688246138944246,1.0,1.8973376581028525,1.0,2.096910013008056
distribution_baseline_025,Baseline prompt,1,100,0,1,ok,0.37,0.4126632654927435,0.5,0.6387827983527021,0.54,0.7247772679423043
distribution_blueprint_025,Blueprint prompt,1,100,0,1,ok,1.0,2.6478174818886373,0.84,2.6651117370750512,1.0,2.096910013008056
distribution_baseline_026,Baseline prompt,1,100,0,1,ok,1.0,0.912441993308506,0.98,0.9966463579924124,1.0,1.0978211908455648
distribution_blueprint_026,Blueprint prompt,1,100,0,1,ok,1.0,2.6020599913279625,0.98,2.433655560938572,1.0,3.397940008672037
distribution_baseline_027,Baseline prompt,1,100,0,1,ok,0.78,0.3074972315902622,0.85,0.2928355170487093,0.99,0.3009856278361953
distribution_blueprint_027,Blueprint prompt,1,91,1,0,ok,0.978021978021978,2.6478174818886373,0.978021978021978,1.6847295652214087,0.989010989010989,2.318758762624413
distribution_baseline_028,Baseline prompt,1,100,0,1,ok,0.97,0.8360093845251839,1.0,0.882422363038069,1.0,2.700175045854607
distribution_blueprint_028,Blueprint prompt,1,100,0,1,ok,1.0,2.6197887582883936,1.0,2.079181246047625,1.0,2.1938200260161125
distribution_baseline_029,Baseline prompt,1,100,0,1,ok,1.0,0.8367960184017829,0.53,0.5587913011709822,0.79,0.8496141411792202
distribution_blueprint_029,Blueprint prompt,1,100,0,1,ok,1.0,2.6777807052660805,1.0,1.9678153166285992,0.87,2.796400858280261
distribution_baseline_030,Baseline prompt,1,100,0,1,ok,0.99,0.6887315386975699,0.71,0.553613362256506,0.55,0.6690067809585756
distribution_blueprint_030,Blueprint prompt,1,100,0,1,ok,1.0,3.0222763947111524,1.0,3.046743403542326,1.0,3.6110148339808887
distribution_baseline_031,Baseline prompt,1,91,0,0,ok,1.0,0.5674916957458658,0.8791208791208791,0.3880719899196485,0.4065934065934066,0.6863808770279984
distribution_blueprint_031,Blueprint prompt,1,100,0,1,ok,1.0,2.585026652029182,1.0,2.1076338783998296,0.99,2.221848749616356
distribution_baseline_032,Baseline prompt,1,100,0,1,ok,0.67,0.3544743148909468,0.69,0.4057653461839945,0.54,0.4597471586502397
distribution_blueprint_032,Blueprint prompt,1,100,0,1,ok,1.0,2.6020599913279625,1.0,2.163965982954884,0.88,2.486076097372589
distribution_baseline_033,Baseline prompt,1,100,0,1,ok,0.27,0.662752019612376,0.64,0.3855075815215545,0.07,0.5791831095052951
distribution_blueprint_033,Blueprint prompt,1,100,0,1,ok,1.0,2.3010299956639813,0.99,2.011281010409689,0.93,2.920818753952375
distribution_baseline_034,Baseline prompt,1,100,0,1,ok,0.78,0.5568632425907056,0.59,0.5563025007672873,0.66,0.6488033948702885
distribution_blueprint_034,Blueprint prompt,1,92,0,0,ok,1.0,2.6020599913279625,1.0,1.903089986991944,1.0,2.658271635044148
distribution_baseline_035,Baseline prompt,1,100,0,1,ok,1.0,0.982029100953178,0.65,0.6135398090113928,0.74,1.1165055690714372
distribution_blueprint_035,Blueprint prompt,1,100,0,1,ok,1.0,2.6575773191777934,1.0,2.1091444694250683,0.77,3.3896975482063856
distribution_baseline_036,Baseline prompt,1,43,3,0,ok,0.8837209302325582,0.8361431973613307,0.9302325581395348,0.648360010980932,0.9767441860465116,0.7941956151734999
distribution_blueprint_036,Blueprint prompt,1,100,0,1,ok,1.0,2.6020599913279625,0.98,2.5228787452803374,1.0,2.1426675035687315
distribution_baseline_037,Baseline prompt,1,100,0,1,ok,1.0,0.9815076882279152,0.81,0.4595969097361299,0.98,0.8347980833744444
distribution_blueprint_037,Blueprint prompt,1,100,0,1,ok,1.0,2.638272163982407,1.0,1.903089986991944,0.95,2.4948500216800937
distribution_baseline_038,Baseline prompt,1,100,1,1,ok,1.0,0.8804151188119258,1.0,0.7136634556107064,1.0,0.8979507174344024
distribution_blueprint_038,Blueprint prompt,1,85,0,0,ok,1.0,2.5934598195660445,1.0,2.072550667148612,1.0,2.397940008672037
distribution_baseline_039,Baseline prompt,1,100,0,1,ok,0.76,1.6989700043360187,0.55,1.5250448070368452,0.73,1.845098040014257
distribution_blueprint_039,Blueprint prompt,1,100,0,1,ok,1.0,2.782516055786094,1.0,2.608793373986931,1.0,2.800427645094796
distribution_baseline_040,Baseline prompt,1,100,0,1,ok,0.6,0.7676858167054785,0.51,0.4522976709946302,0.72,0.7750601734065015
distribution_blueprint_040,Blueprint prompt,1,96,0,0,ok,1.0,2.6989700043360187,0.9895833333333334,2.096910013008056,1.0,2.0362121726544444
distribution_baseline_041,Baseline prompt,1,100,0,1,ok,0.89,0.9166428132982388,0.77,0.9123855864155126,0.99,0.9673772797513394
distribution_blueprint_041,Blueprint prompt,1,100,0,1,ok,1.0,2.769551078621726,1.0,1.5878195522133525,0.94,2.397940008672037
distribution_baseline_042,Baseline prompt,1,100,0,1,ok,0.99,0.9062415859047936,0.95,0.6790907451708423,0.72,1.0463000196529686
distribution_blueprint_042,Blueprint prompt,1,100,0,1,ok,1.0,2.688246138944246,1.0,1.499397649430815,1.0,1.87942606879415
distribution_baseline_043,Baseline prompt,1,100,0,1,ok,0.8,1.2869435343853768,0.61,0.8586708472035307,0.74,1.0442036624920537
distribution_blueprint_043,Blueprint prompt,1,93,0,0,ok,1.0,2.6020599913279625,1.0,2.0969100130080567,1.0,1.8416375079047504
distribution_baseline_044,Baseline prompt,1,100,0,1,ok,0.57,0.6020599913279625,0.52,0.3860407853723298,0.25,0.5228787452803374
distribution_blueprint_044,Blueprint prompt,1,86,0,0,ok,1.0,2.6020599913279625,1.0,2.5910646070264995,1.0,2.2365720064370627
distribution_baseline_045,Baseline prompt,1,100,0,1,ok,1.0,1.2938863981054256,0.77,1.1684044303893906,0.79,1.491361693834273
distribution_blueprint_045,Blueprint prompt,1,96,0,0,ok,1.0,2.6020599913279625,1.0,1.947611930540312,0.53125,2.397940008672037
distribution_baseline_046,Baseline prompt,1,100,0,1,ok,0.4,0.616300430442573,0.51,0.6989700043360187,0.72,0.7544873321858496
distribution_blueprint_046,Blueprint prompt,0,0,0,0,insufficient_rows,,,,,,
distribution_baseline_047,Baseline prompt,1,100,0,1,ok,0.76,1.0827410568138456,0.76,1.122646939828715,0.75,0.9042194921329134
distribution_blueprint_047,Blueprint prompt,1,100,0,1,ok,1.0,2.6989700043360187,1.0,1.9456423376774072,1.0,2.4436974992327127
distribution_baseline_048,Baseline prompt,1,100,0,1,ok,0.69,0.6276140958003511,0.54,0.6802877913682646,0.68,0.9239098309295172
distribution_blueprint_048,Blueprint prompt,1,79,0,0,ok,0.8481012658227848,2.5228787452803374,0.7341772151898734,1.8239087409443189,0.7721518987341772,2.1674910872937634
distribution_baseline_049,Baseline prompt,1,100,0,1,ok,1.0,0.9070331470605488,0.99,0.6642255090125935,1.0,0.7217851377599609
distribution_blueprint_049,Blueprint prompt,1,108,0,0,ok,1.0,2.560667306169737,1.0,1.933053210369387,1.0,1.8927900303521317
distribution_baseline_050,Baseline prompt,1,100,0,1,ok,0.94,0.8424875347128342,0.99,0.5491300274120636,1.0,2.8684328265008823
distribution_blueprint_050,Blueprint prompt,1,100,0,1,ok,1.0,2.7328282715969863,1.0,1.8750612633917003,1.0,2.2833012287035497
distribution_baseline_051,Baseline prompt,1,100,0,1,ok,0.97,0.8950153708040673,0.97,0.8795038459155533,0.92,0.9175000581915888
distribution_blueprint_051,Blueprint prompt,1,88,0,0,ok,1.0,2.7099653886374817,1.0,1.720159303405957,1.0,1.7644715530924509
distribution_baseline_052,Baseline prompt,1,100,0,1,ok,0.98,1.0038935927853752,0.83,0.4771212547196621,0.7,0.7014446234638747
distribution_blueprint_052,Blueprint prompt,1,82,0,0,ok,1.0,2.6020599913279625,1.0,2.079181246047625,0.9878048780487804,1.6812412373755872
distribution_baseline_053,Baseline prompt,1,100,0,1,ok,1.0,1.2082241513016374,0.77,0.8239087409443187,0.68,1.201645363528069
distribution_blueprint_053,Blueprint prompt,1,99,1,0,ok,0.9393939393939394,2.9145698046753736,0.797979797979798,1.845098040014257,0.8080808080808081,2.552841968657781
distribution_baseline_054,Baseline prompt,1,100,0,1,ok,0.8,1.6020599913279625,0.74,1.1620805446128668,0.64,1.778151250383644
distribution_blueprint_054,Blueprint prompt,1,100,0,1,ok,0.71,2.6020599913279625,0.69,1.2016453635280695,0.86,2.088136088700552
distribution_baseline_055,Baseline prompt,1,100,0,1,ok,1.0,1.1616575450613382,0.98,1.0484846234271,0.98,1.2007616254632296
distribution_blueprint_055,Blueprint prompt,1,100,0,1,ok,1.0,2.693574972449313,1.0,2.36408174141107,1.0,2.3891660843645326
distribution_baseline_056,Baseline prompt,1,84,0,0,ok,0.5119047619047619,0.5051499783199063,0.7619047619047619,0.4294570601181022,0.8452380952380952,0.5705429398818982
distribution_blueprint_056,Blueprint prompt,1,100,0,1,ok,1.0,2.688246138944246,1.0,2.051152522447382,0.73,3.092720644684099
distribution_baseline_057,Baseline prompt,1,100,0,1,ok,0.89,0.6325927813206853,0.63,0.5290390539851564,0.5,0.6488033948702885
distribution_blueprint_057,Blueprint prompt,1,100,0,1,ok,0.96,2.6020599913279625,0.92,1.7501225267834006,0.95,3.426872571270526
distribution_baseline_058,Baseline prompt,1,100,0,1,ok,0.95,0.5873952292857005,0.85,0.4881166390211255,0.66,0.5345227264440453
distribution_blueprint_058,Blueprint prompt,1,100,0,1,ok,1.0,2.6989700043360187,0.96,1.5051499783199065,1.0,1.9829666607012195
distribution_baseline_059,Baseline prompt,1,100,0,1,ok,1.0,0.6749192919389939,0.95,0.6490892089522751,0.99,0.7594099436072805
distribution_blueprint_059,Blueprint prompt,1,98,0,0,ok,0.9285714285714286,2.721246399047171,0.5714285714285714,1.8202125953843555,0.979591836734694,2.318758762624413
distribution_baseline_060,Baseline prompt,1,100,0,1,ok,0.99,0.9946048269675644,0.68,0.4798441130551354,0.68,0.645094623553164
distribution_blueprint_060,Blueprint prompt,0,0,0,0,insufficient_rows,,,,,,
distribution_baseline_061,Baseline prompt,1,100,0,1,ok,0.5,0.4771212547196626,0.28,0.3979400086720375,0.27,0.5772364076029302
distribution_blueprint_061,Blueprint prompt,1,100,0,1,ok,1.0,2.6020599913279625,1.0,1.4948500216800935,1.0,2.795880017344075
distribution_baseline_062,Baseline prompt,1,100,0,1,ok,1.0,0.4996241519386535,0.34,0.6434526764861874,0.83,0.585613140277534
distribution_blueprint_062,Blueprint prompt,0,0,0,0,insufficient_rows,,,,,,
distribution_baseline_063,Baseline prompt,1,100,0,1,ok,0.7,0.5438931771938238,0.65,0.4383527133875859,0.64,0.3883817547967343
distribution_blueprint_063,Blueprint prompt,1,100,0,1,ok,1.0,2.6020599913279625,1.0,1.5563025007672877,1.0,2.397940008672037
distribution_baseline_064,Baseline prompt,1,100,0,1,ok,0.88,0.4726171630806419,0.72,0.5920757704213617,0.74,0.6542602693665369
distribution_blueprint_064,Blueprint prompt,1,100,0,1,ok,0.84,2.6020599913279625,0.83,1.778151250383644,0.82,2.397940008672037
distribution_baseline_065,Baseline prompt,1,100,0,1,ok,0.43,0.9040756287549084,0.86,0.2922560713564759,0.93,1.0053951296029853
distribution_blueprint_065,Blueprint prompt,1,92,0,0,ok,1.0,2.6020599913279625,1.0,2.2606013386083728,1.0,2.2671717284030137
distribution_baseline_066,Baseline prompt,1,100,0,1,ok,0.79,1.2552725051033065,0.7,0.7781512503836434,0.6,1.163502131747661
distribution_blueprint_066,Blueprint prompt,1,92,0,0,ok,1.0,2.688246138944246,1.0,2.258571556641096,1.0,2.2365720064370627
distribution_baseline_067,Baseline prompt,1,100,0,1,ok,1.0,1.084672597833266,0.98,0.8995734132691067,0.99,0.887484765422589
distribution_blueprint_067,Blueprint prompt,1,100,0,1,ok,1.0,2.7099653886374817,1.0,2.176091259055682,1.0,2.283996656365201
distribution_baseline_068,Baseline prompt,1,100,0,1,ok,0.9,0.9719712763997564,0.83,0.846665891832235,0.69,1.0280287236002437
distribution_blueprint_068,Blueprint prompt,1,100,0,1,ok,1.0,2.6989700043360187,1.0,1.6873881317862036,1.0,2.2518119729937998
distribution_baseline_069,Baseline prompt,1,100,0,1,ok,0.76,1.027152246043614,0.5,0.7781512503836434,0.91,1.3631779024128257
distribution_blueprint_069,Blueprint prompt,1,100,0,1,ok,1.0,2.6020599913279625,1.0,2.0457574905606752,1.0,1.87942606879415
distribution_baseline_070,Baseline prompt,1,100,0,1,ok,0.98,0.9784950376673304,0.81,1.0569048513364727,0.99,0.9535107578223928
distribution_blueprint_070,Blueprint prompt,1,100,0,1,ok,1.0,2.6575773191777934,1.0,2.403930372361225,1.0,2.7883451651521183
distribution_baseline_071,Baseline prompt,1,100,0,1,ok,0.98,0.9533747879080972,0.71,0.4154643536555706,0.81,0.8534548413680669
distribution_blueprint_071,Blueprint prompt,1,100,0,1,ok,1.0,2.6108339156354674,1.0,1.436764163039828,1.0,2.5228787452803374
distribution_baseline_072,Baseline prompt,1,100,0,1,ok,0.74,0.8772827233856582,0.57,0.8205550989367312,0.81,0.9642844477334656
distribution_blueprint_072,Blueprint prompt,1,92,1,0,ok,0.9347826086956522,3.544068044350276,0.8478260869565217,1.7676858167054783,0.9347826086956522,2.920818753952375
distribution_baseline_073,Baseline prompt,1,98,0,0,ok,0.6326530612244898,0.928200707574974,0.6530612244897959,0.9176487071628684,0.6122448979591837,1.018749436012838
distribution_blueprint_073,Blueprint prompt,1,100,0,1,ok,1.0,2.7569619513137056,1.0,2.795880017344075,1.0,2.4948500216800937
distribution_baseline_074,Baseline prompt,1,5,1,0,ok,1.0,0.3010299956639812,1.0,0.2866321749633385,1.0,0.2078380351735411
distribution_blueprint_074,Blueprint prompt,1,93,0,0,ok,1.0,2.6020599913279625,0.946236559139785,2.204119982655925,0.8924731182795699,2.6575773191777934
distribution_baseline_075,Baseline prompt,1,100,0,1,ok,0.99,0.5901601599511643,0.79,0.6515453544078804,0.99,0.7157445819662236
distribution_blueprint_075,Blueprint prompt,1,92,0,0,ok,1.0,2.6020599913279625,0.9130434782608696,2.029963223377443,0.967391304347826,2.0
distribution_baseline_076,Baseline prompt,1,100,0,1,ok,0.63,0.6989700043360187,0.55,0.7132104434506292,0.53,0.9420080530223132
distribution_blueprint_076,Blueprint prompt,0,0,0,0,insufficient_rows,,,,,,
distribution_baseline_077,Baseline prompt,1,100,0,1,ok,1.0,1.74579521389031,1.0,1.4067139329795424,1.0,1.3010299956639813
distribution_blueprint_077,Blueprint prompt,1,100,0,1,ok,1.0,2.638272163982407,1.0,2.2552725051033065,1.0,2.347773399206308
distribution_baseline_078,Baseline prompt,1,100,0,1,ok,0.7,0.3806810032305314,0.69,0.2155998003393544,0.57,0.4323089103033002
distribution_blueprint_078,Blueprint prompt,1,98,0,0,ok,1.0,2.6020599913279625,1.0,1.958607314841775,1.0,1.7746907182741372
distribution_baseline_079,Baseline prompt,1,100,0,1,ok,0.8,1.5415792439465807,0.7,1.2600713879850751,0.79,1.7659167939666318
distribution_blueprint_079,Blueprint prompt,1,92,0,0,ok,1.0,2.585026652029182,1.0,1.9884181274501849,1.0,1.9208187539523751
distribution_baseline_080,Baseline prompt,1,100,0,1,ok,0.97,1.0459884368473746,0.33,0.6989700043360187,0.85,0.9447772089413178
distribution_blueprint_080,Blueprint prompt,0,0,0,0,insufficient_rows,,,,,,
distribution_baseline_081,Baseline prompt,1,100,0,1,ok,0.6,1.0347621062592118,0.6,0.8483511974119786,0.73,1.1613680022349744
distribution_blueprint_081,Blueprint prompt,1,100,0,1,ok,1.0,2.667561540084395,1.0,1.7928745072043504,1.0,2.3372421683184257
distribution_baseline_082,Baseline prompt,1,96,4,0,ok,0.9791666666666666,0.8364622710096796,0.3854166666666667,0.3752760240360939,0.9166666666666666,0.8316802191541779
distribution_blueprint_082,Blueprint prompt,1,100,0,1,ok,1.0,2.8239087409443187,1.0,1.903089986991944,1.0,2.505845405981557
distribution_baseline_083,Baseline prompt,1,100,0,1,ok,0.99,0.5962631924711559,0.94,0.8063922351406116,0.94,0.9077453201595348
distribution_blueprint_083,Blueprint prompt,1,102,0,0,ok,1.0,2.6020599913279625,1.0,1.7695510786217263,0.9901960784313726,1.9829666607012195
distribution_baseline_084,Baseline prompt,1,100,0,1,ok,0.59,1.1760912590556811,0.7,1.0543576623225928,0.76,1.3521825181113627
distribution_blueprint_084,Blueprint prompt,1,100,0,1,ok,1.0,2.6020599913279625,1.0,1.7569619513137056,1.0,2.4948500216800937
distribution_baseline_085,Baseline prompt,1,100,0,1,ok,0.91,1.09429639740537,0.58,0.629498239674902,0.92,1.0259357340943998
distribution_blueprint_085,Blueprint prompt,1,100,0,1,ok,1.0,2.6777807052660805,1.0,1.488116639021126,1.0,2.434923574925208
distribution_baseline_086,Baseline prompt,1,100,0,1,ok,1.0,0.9797693918947664,0.94,0.4933584535903477,1.0,0.8142435637996801
distribution_blueprint_086,Blueprint prompt,1,99,0,0,ok,1.0,2.6020599913279625,1.0,1.8473898367938413,1.0,1.72584215073632
distribution_baseline_087,Baseline prompt,1,100,0,1,ok,0.99,0.9594317382875852,0.46,0.7958800173440754,0.95,0.8800092602601364
distribution_blueprint_087,Blueprint prompt,1,89,0,0,ok,1.0,2.6020599913279625,0.9887640449438202,1.9542425094393248,0.9887640449438202,1.9208187539523751
distribution_baseline_088,Baseline prompt,1,100,0,1,ok,0.68,0.7686059324774135,0.65,0.8538719643217618,0.7,1.0511525224473814
distribution_blueprint_088,Blueprint prompt,1,100,0,1,ok,1.0,2.7569619513137056,1.0,1.744727494896694,1.0,2.4436974992327127
distribution_baseline_089,Baseline prompt,1,100,0,1,ok,0.58,0.5326385825694935,0.55,0.4948500216800942,0.45,0.6989700043360187
distribution_blueprint_089,Blueprint prompt,1,100,0,1,ok,0.85,2.3010299956639813,0.86,1.6215577810272404,0.76,1.9208187539523751
distribution_baseline_090,Baseline prompt,1,100,0,1,ok,0.88,0.8239087409443187,0.63,0.8524799936368566,0.8,0.9441421825349998
distribution_blueprint_090,Blueprint prompt,1,100,0,1,ok,1.0,2.6478174818886373,1.0,2.221848749616356,1.0,2.1338935792612266
distribution_baseline_091,Baseline prompt,1,100,0,1,ok,1.0,0.8512610242266385,0.37,0.5850266520291818,0.94,0.8000378550484522
distribution_blueprint_091,Blueprint prompt,1,100,0,1,ok,1.0,2.638272163982407,1.0,1.6989700043360192,1.0,2.7781512503836434
distribution_baseline_092,Baseline prompt,1,100,0,1,ok,0.72,0.9031137326996131,0.29,0.9577697936565556,1.0,0.857937945473747
distribution_blueprint_092,Blueprint prompt,0,0,0,0,insufficient_rows,,,,,,
distribution_baseline_093,Baseline prompt,1,100,0,1,ok,0.49,0.795880017344075,0.56,0.6020599913279625,0.73,0.6989700043360187
distribution_blueprint_093,Blueprint prompt,1,100,0,1,ok,0.93,2.439332693830263,0.79,1.8386319977650247,0.69,2.397940008672037
distribution_baseline_094,Baseline prompt,1,100,0,1,ok,1.0,0.545474791554339,0.95,0.5458270361509894,1.0,0.5875073850443382
distribution_blueprint_094,Blueprint prompt,0,0,0,0,insufficient_rows,,,,,,
distribution_baseline_095,Baseline prompt,1,100,0,1,ok,0.95,0.6218788460271263,0.77,0.6197887582883941,0.56,0.6478174818886373
distribution_blueprint_095,Blueprint prompt,1,100,0,1,ok,0.87,2.6020599913279625,0.86,1.903089986991944,0.83,2.5917600346881504
distribution_baseline_096,Baseline prompt,1,100,0,1,ok,0.95,0.91204482964487,0.44,0.9107768156582344,0.93,1.0193051551953864
distribution_blueprint_096,Blueprint prompt,1,100,0,1,ok,1.0,2.6197887582883936,1.0,2.1326255652745907,1.0,2.920818753952375
distribution_baseline_097,Baseline prompt,1,100,0,1,ok,0.29,0.5314789170422554,0.3,0.4082399653118496,0.81,0.5968587976421542
distribution_blueprint_097,Blueprint prompt,0,0,0,0,insufficient_rows,,,,,,
distribution_baseline_098,Baseline prompt,1,100,0,1,ok,0.84,0.7316938491446416,0.67,0.7917240575729179,0.89,0.8560607693676321
distribution_blueprint_098,Blueprint prompt,1,87,0,0,ok,1.0,2.6020599913279625,1.0,2.093904502868332,0.9885057471264368,2.1191864077192086
distribution_baseline_099,Baseline prompt,1,100,0,1,ok,0.83,1.5808706922580242,0.63,0.8908555305749322,0.96,1.2662678894047694
distribution_blueprint_099,Blueprint prompt,0,0,0,0,insufficient_rows,,,,,,
distribution_baseline_100,Baseline prompt,1,100,0,1,ok,0.91,0.995209191788062,1.0,1.5119414566892018,1.0,1.1398879637083468
distribution_blueprint_100,Blueprint prompt,1,97,0,0,ok,1.0,2.6020599913279625,1.0,2.0,1.0,2.356547323513813
