generation_id,prompt_condition,response_record_present,transport_success,content_present,valid_n,rejected_n,complete_100,fit_status,zipf_beta,zipf_r2,road_beta,road_r2,gdp_beta,gdp_r2,population_unique_ratio,population_log10_span,road_unique_ratio,road_log10_span,gdp_unique_ratio,gdp_log10_span,road_log_residual_sd,gdp_log_residual_sd
source_matched_baseline_001,Baseline prompt,1,1,1,90,0,0,ok,-0.6517255433352692,0.8227208072041915,0.7000682188711881,0.9777197048605348,0.9038380218200718,0.9829803354765324,1.0,0.9798736363705656,0.9777777777777776,0.6763714064916639,0.9888888888888888,0.9167779763810446,0.0700890144018065,0.0788769291964553
source_matched_blueprint_001,Blueprint prompt,1,1,1,90,0,0,ok,-1.9116487576280283,0.7814988803390122,0.7782518305566216,0.9932599453379722,1.098465271343713,0.9979845137993364,0.9888888888888888,4.305882498458393,1.0,2.9807606420143298,0.9888888888888888,4.672190251188253,0.1279623244509689,0.0985317204043431
source_matched_baseline_002,Baseline prompt,1,1,1,88,0,0,ok,-0.6019676587049179,0.7894911755021703,0.9620097329049452,0.9943939097640077,0.9760619775175666,0.9863379517343216,1.0,0.9578604880003408,1.0,0.9407838253423036,1.0,0.9505146369200816,0.0451154720006239,0.0717492979841596
source_matched_blueprint_002,Blueprint prompt,1,1,1,93,0,0,ok,-1.3642925166745592,0.9097576019102042,0.8454447366883867,0.970056987839225,1.086828056973482,0.994345389437986,0.956989247311828,2.988261596728756,0.935483870967742,2.054357662322593,0.956989247311828,3.089473348621881,0.1964472478005008,0.1083939802948345
source_matched_baseline_003,Baseline prompt,1,1,1,87,0,0,ok,-0.4205716249313432,0.7298489530836272,0.9768487757414742,0.9976144943946476,1.0567602376555385,0.9919284860551096,1.0,0.707306187426255,1.0,0.7106467954337816,0.9655172413793104,0.8090226745689773,0.0216664178646987,0.0432379122830072
source_matched_blueprint_003,Blueprint prompt,1,1,1,98,0,0,ok,-2.037430601199898,0.893698089539032,0.6571866194815976,0.9910147905157184,0.8144646395523429,0.9904550974829464,1.0,3.638854363728477,1.0,2.4776289046686437,0.6938775510204082,2.9566485792052037,0.1250354216989358,0.1597573699242251
source_matched_baseline_004,Baseline prompt,1,1,1,90,0,0,ok,-0.5509740078505093,0.7428592648110461,0.9117488994557272,0.9915167717612768,1.073146122130044,0.994586957195255,0.9888888888888888,1.0568805081576371,0.9333333333333332,0.9277257676948474,0.9888888888888888,1.1153216285569514,0.049762413220513,0.0467147311134999
source_matched_blueprint_004,Blueprint prompt,1,1,1,88,0,0,ok,-1.5519607644411448,0.8790222159719971,1.19003248703669,0.9926139397259272,0.8873434305004284,0.9963459489544332,1.0,2.539269161468507,1.0,2.8703661421833204,0.8295454545454546,2.3443922736851106,0.1566576381005846,0.0820069163797885
source_matched_baseline_005,Baseline prompt,1,1,1,90,0,0,ok,-0.3560899421290577,0.853574910600834,0.8466578302477721,0.978936367022162,0.8926062732334161,0.9874049566302872,1.0,0.673099029618407,1.0,0.5327586902325683,1.0,0.6188302015778553,0.044182880511384,0.0358648324183506
source_matched_blueprint_005,Blueprint prompt,1,1,1,90,0,0,ok,-1.2314114092136386,0.9671060648743102,0.8838847991998335,0.9846527962744266,1.0294294174029686,0.9932035612126864,1.0,2.3737546241535545,0.8,2.2762064119389493,0.9888888888888888,2.532081685330416,0.1275418338381475,0.098424239488186
source_matched_baseline_006,Baseline prompt,1,1,1,95,0,0,ok,-0.5468192364633306,0.7931774752054643,0.8015529633174445,0.907634950588134,1.1532801734197384,0.9819008076290984,1.0,0.9930150213375706,1.0,0.7275803882521372,0.968421052631579,0.9890046156985368,0.1453229544947336,0.0889886015887812
source_matched_blueprint_006,Blueprint prompt,1,1,1,78,0,0,ok,-1.6245389469249696,0.8650743783031519,1.035630252258546,0.9984236310436516,1.223642978229602,0.994903533369036,0.8846153846153846,2.562768543016519,0.9230769230769232,2.574031267727719,0.9487179487179488,2.934962565080848,0.0658186240618618,0.1400784695016372
source_matched_baseline_007,Baseline prompt,1,1,1,89,0,0,ok,-0.4167345084069259,0.7692970415814192,0.9003102641379719,0.9770880013843372,0.979624821996568,0.9854401470246652,1.0,0.7442678758719081,1.0,0.6697322461966704,0.9887640449438202,0.773203985537382,0.0604266321480113,0.0521908885809964
source_matched_blueprint_007,Blueprint prompt,1,1,1,98,0,0,ok,-1.914005736451612,0.9227793511982828,0.7506562384232193,0.9978696198640368,0.916693733730185,0.9947232350842358,1.0,3.2430380486862944,1.0,2.493826948222515,1.0,2.7319060624310065,0.0640707719165259,0.1233343959489091
source_matched_baseline_008,Baseline prompt,1,1,1,86,0,0,ok,-0.1803635659185818,0.887315770991366,0.7221505314589928,0.9923887236906056,0.8471317941800901,0.995790553182979,1.0,0.2797431300567945,1.0,0.2066115827829442,0.9767441860465116,0.235361671725242,0.0111501190127155,0.0097105410455116
source_matched_blueprint_008,Blueprint prompt,1,1,1,73,0,0,ok,-1.5235172912786084,0.9741202090299304,1.082988884441517,0.9910878171832904,0.9241915188990606,0.9978596760243996,1.0,2.659558141229252,1.0,2.638489256954637,0.6438356164383562,2.50740605862413,0.1446007980739495,0.0602667423453669
source_matched_baseline_009,Baseline prompt,1,1,1,90,0,0,ok,-0.5630562410870475,0.7644688711687968,0.5154453256742197,0.9601886350984352,0.5129030001245927,0.9778616450438063,0.8222222222222222,1.038180681224949,0.7333333333333333,0.5155004732327892,1.0,0.5423269722878905,0.0623874931089339,0.0458731837828679
source_matched_blueprint_009,Blueprint prompt,1,1,1,93,0,0,ok,-1.7374527386661418,0.8558882301239686,0.7848694733841927,0.9973827650999808,0.8911154640402419,0.9979305763260774,1.0,2.857332496431269,1.0,2.243038048686295,0.8279569892473119,2.500602350569185,0.0698166951581058,0.0704660535431995
source_matched_baseline_010,Baseline prompt,1,1,1,87,1,0,ok,-0.6478926602124083,0.7600849905560981,0.7744796739670908,0.9845297704456264,1.3057297013025615,0.9915429801921744,1.0,1.1998947271148823,0.9885057471264368,0.8174299251401247,1.0,1.5256997967440935,0.066472715026177,0.0825668327804057
source_matched_blueprint_010,Blueprint prompt,1,1,1,94,0,0,ok,-1.3716000797001142,0.9504056030934236,0.997983171677494,0.9993069026686796,1.0717993627471294,0.9921855993918204,0.8936170212765957,2.467679698486821,0.7978723404255319,2.470490675820649,0.9361702127659576,2.5482665451707454,0.0342099155070874,0.1238072235509052
source_matched_baseline_011,Baseline prompt,1,1,1,87,0,0,ok,-0.6189184804517428,0.827935891858252,0.897776956351005,0.9911095341738962,1.1136967155666249,0.9867358768829674,1.0,0.9219646746348004,1.0,0.8272818626242953,0.9540229885057472,1.0211892990699385,0.0532883704851327,0.0809223164297958
source_matched_blueprint_011,Blueprint prompt,1,1,1,87,0,0,ok,-1.5475378046388688,0.8644173552481202,0.7224379620472556,0.98329466812531,1.0376711404805556,0.9976477345820804,0.8850574712643678,2.5650764250747926,0.8735632183908046,1.8450980400142571,0.942528735632184,2.594234653816006,0.144408666620659,0.0772718441697475
source_matched_baseline_012,Baseline prompt,1,1,1,89,0,0,ok,-0.6131651037773583,0.7656241664004815,0.90328880681712,0.983992947748452,0.9350226379145428,0.9920711634222208,1.0,1.069506637464797,1.0,0.8212581661642706,0.9662921348314608,0.990955360719164,0.0744757763074053,0.0540361212835669
source_matched_blueprint_012,Blueprint prompt,1,1,1,95,0,0,ok,-1.9091987890072235,0.8301387044976519,0.9077405202161696,0.9910557758249648,0.881254099662572,0.9953479848249516,1.0,3.3401601024000005,1.0,3.019239580700732,1.0,3.177330331171229,0.1672649708533482,0.1168571334361824
source_matched_baseline_013,Baseline prompt,1,1,1,84,0,0,ok,-0.3592720478116009,0.8232518607566017,0.7559164639687581,0.9928222644245543,0.9693437719264716,0.9900261010236824,0.988095238095238,0.5586878014823622,1.0,0.3936226623311403,1.0,0.5594046173987697,0.0234035108485216,0.0354271502273635
source_matched_blueprint_013,Blueprint prompt,1,1,1,90,0,0,ok,-1.8995246124756031,0.8819301096115636,0.8899306930518716,0.9864169543569606,0.8765669179242523,0.9985845540666308,1.0,3.4405375466558854,1.0,2.9605533725352213,1.0,3.0545782371854897,0.1949710561294846,0.0616147852744843
source_matched_baseline_014,Baseline prompt,1,1,1,90,0,0,ok,-0.5709041268829229,0.8407929493721373,1.0017484812800954,0.9912723010330096,1.149399009574911,0.994466206389402,1.0,0.9636921702962676,1.0,0.9117785674801696,0.9888888888888888,1.1248606190648025,0.0540192488268669,0.0492746714157931
source_matched_blueprint_014,Blueprint prompt,1,1,1,96,0,0,ok,-1.8848621224984636,0.8958220129791155,1.0212664405036689,0.9963520514153952,0.9246662034326,0.998897114002268,1.0,3.3043122093633026,1.0,3.383537760992455,0.9583333333333334,2.991945610460379,0.113973525058756,0.0566678703767555
source_matched_baseline_015,Baseline prompt,1,1,1,86,0,0,ok,-0.4037219090215294,0.7539678760534256,0.9816193146870968,0.9934466977860504,1.0962339742092069,0.9825224659571696,1.0,0.7342134344499094,1.0,0.6988467244519803,0.9883720930232558,0.791199705584194,0.0341319441513544,0.0625939284776169
source_matched_blueprint_015,Blueprint prompt,1,1,1,94,0,0,ok,-1.11947163130712,0.8613949314114012,0.8941854667782901,0.9930675150677316,1.0219538087168951,0.9964898098586638,0.925531914893617,1.9671187736053444,0.946808510638298,1.6836079706546938,0.9787234042553192,1.9426066671514133,0.0833686423195489,0.0676830933562781
source_matched_baseline_016,Baseline prompt,1,1,1,90,0,0,ok,-0.4051818979765362,0.7895040454721506,0.9731514701681796,0.9748839527985604,1.151608890362848,0.9803867176181472,1.0,0.783063152057605,0.9888888888888888,0.7284047152100595,0.9888888888888888,0.9374052422168746,0.06574614371016,0.0685602033931641
source_matched_blueprint_016,Blueprint prompt,1,1,1,97,2,0,ok,-1.2209951458151205,0.8753811192205575,1.1563953305232886,0.9760425940598504,1.067254542388426,0.9944323239783508,0.8969072164948454,2.3679767852945943,0.9072164948453608,2.5070844780971058,0.9278350515463918,2.649473944215942,0.2190860141138297,0.0965695456087192
source_matched_baseline_017,Baseline prompt,1,1,1,90,0,0,ok,-0.3452592303005117,0.7297519861547812,0.9035291530923422,0.9842822145737128,1.2236098410354652,0.9735081163860978,1.0,0.7553000329269235,0.9888888888888888,0.6038504226076054,0.9888888888888888,0.797406049676382,0.0425944962817398,0.07530174662662
source_matched_blueprint_017,Blueprint prompt,1,1,1,92,0,0,ok,-1.6894726215954283,0.90953978229816,0.6381059835985246,0.9923106895674366,0.8180600736295751,0.9968753878607888,0.9456521739130436,2.556302500767288,0.9130434782608696,1.7514543590154572,0.717391304347826,2.24551266781415,0.0919548389498133,0.0749764246275898
source_matched_baseline_018,Baseline prompt,1,1,1,90,0,0,ok,-0.4942792168196301,0.7947894847610674,0.9415782269696206,0.9838878560121164,1.039537677151437,0.9869597152809594,1.0,0.898962332934838,1.0,0.8818139030847276,1.0,0.9866733217387668,0.0616629603200187,0.0611502383799079
source_matched_blueprint_018,Blueprint prompt,1,1,1,94,0,0,ok,-2.3946829945139587,0.8674071184080192,0.8106233088080057,0.9980358234846244,1.0152541098050027,0.9911666290977736,1.0,4.5056097925311,1.0,3.387800377321158,0.4787234042553192,4.222716471147583,0.0855423003028324,0.2279865878577505
source_matched_baseline_019,Baseline prompt,1,1,1,85,0,0,ok,-0.5210205754710181,0.8047652268688065,0.7672066978735926,0.9887625668708429,1.0078829406044163,0.9809126779498047,1.0,0.8206299998142663,1.0,0.6655747050384582,1.0,0.9387480079204074,0.0437115345323235,0.0751386757079398
source_matched_blueprint_019,Blueprint prompt,1,1,1,91,0,0,ok,-1.6744121157899463,0.9671631880543612,0.7507182104632054,0.9840370689310208,1.0299509932817403,0.9942714795156576,1.0,2.69897000433602,1.0,2.08167004645132,0.8131868131868132,2.7736036226329226,0.1503529464065234,0.1229333474675253
source_matched_baseline_020,Baseline prompt,1,1,1,94,0,0,ok,-0.3012877557971077,0.8697262401228355,0.740980308157496,0.9733331696081584,1.1456095798554218,0.9907162790454724,1.0,0.6219546343937896,0.9787234042553192,0.4244095488574086,1.0,0.6150774873853961,0.0366572520826105,0.0331452522170443
source_matched_blueprint_020,Blueprint prompt,1,1,1,92,0,0,ok,-1.7513388502675828,0.874863223652217,0.6843913953768884,0.9967773403855724,0.8734830399297526,0.9982445604710648,1.0,2.9547970870392533,1.0,1.9038875895704064,0.7934782608695652,2.514990233067287,0.0673339949659329,0.0633797671063149
source_matched_baseline_021,Baseline prompt,1,1,1,95,0,0,ok,-0.2972016163182489,0.7724844493915668,0.7102945087167823,0.9742081917471545,1.1538128329463009,0.99656818789771,0.9473684210526316,0.5437029375764357,0.9894736842105264,0.3815995044235265,0.9894736842105264,0.5892271269872653,0.0361746991063579,0.0211931283817229
source_matched_blueprint_021,Blueprint prompt,1,1,1,88,0,0,ok,-1.2876858102920803,0.9344301135342248,1.0091680101778633,0.9951810093965326,0.9946022200472512,0.9944438770938604,0.9090909090909092,2.630455362887427,0.875,2.831709842596904,0.9886363636363636,2.639201799332529,0.086242766319418,0.0913013944859246
source_matched_baseline_022,Baseline prompt,1,1,1,92,0,0,ok,-0.4206010440596584,0.7497916488188033,0.9440905320517624,0.9842956441215682,1.1827990201789975,0.995197130380144,1.0,0.7865863151941817,1.0,0.7002968320035006,1.0,0.8910406913033404,0.0535281916476169,0.0368831873118357
source_matched_blueprint_022,Blueprint prompt,1,1,1,92,1,0,ok,-1.5264061972368794,0.8869449867319004,0.9644644450021954,0.993475085719662,1.0243700291321984,0.9909847508253928,1.0,2.93294569842877,1.0,2.5824644352645816,0.6086956521739131,2.828015064223977,0.11706808550288,0.1463374975210782
source_matched_baseline_023,Baseline prompt,1,1,1,91,0,0,ok,-0.4351526220968895,0.615325440035116,0.7473899685982874,0.9517718506910858,0.6248249160552956,0.9563759596326776,1.0,0.9152740015898102,0.978021978021978,0.8807965085334928,0.978021978021978,0.710507917729776,0.086197015298695,0.0683703889538483
source_matched_blueprint_023,Blueprint prompt,1,1,1,91,0,0,ok,-1.5779029653828245,0.9266096989492394,0.8942321143321559,0.9847189962962326,0.972757769590856,0.9982829977193532,1.0,2.706351957958618,1.0,2.4259687322722816,0.7362637362637363,2.5457193561568654,0.1686451439189708,0.0610755100313603
source_matched_baseline_024,Baseline prompt,1,1,1,100,0,1,ok,-0.5012472797367349,0.8073429718658798,0.8698582706409179,0.9902235996511852,0.7252483957386254,0.9406642922957932,1.0,1.0053274148189075,0.95,0.9019082325705154,0.99,0.7132815518391471,0.0447473385350674,0.0943025357173966
source_matched_blueprint_024,Blueprint prompt,1,1,1,88,0,0,ok,-1.4570562201229944,0.8944911070200792,0.6697373761757457,0.9958183925578324,0.7752977262806335,0.9979812935871556,1.0,2.532638582569493,1.0,1.6127838567197357,0.9545454545454546,2.0377885608894,0.0616410597654564,0.0495253887512694
source_matched_baseline_025,Baseline prompt,1,1,1,83,0,0,ok,-0.3319901064823797,0.7552839673460476,1.1111986901885096,0.9682969706191494,0.9190440169765376,0.9788350048814708,0.9879518072289156,0.54937359770451,1.0,0.6764188934993767,0.9879518072289156,0.5089429673370451,0.0705847451742866,0.047442076307365
source_matched_blueprint_025,Blueprint prompt,1,1,1,90,0,0,ok,-1.375373662350133,0.86894676625337,0.8595447702808511,0.9921598362815373,1.055644500809037,0.9817029522777452,0.8777777777777778,2.5936268237911,0.7555555555555555,1.964835582936749,0.8,2.311753861055754,0.1040596036677728,0.1962727791751949
source_matched_baseline_026,Baseline prompt,1,1,1,97,0,0,ok,-0.5293742741620157,0.7728767718472005,0.7955150524733571,0.9919653598826256,1.0692978430270574,0.99729631260619,1.0,0.8869739974654314,0.9896907216494846,0.6747374227745855,0.9896907216494846,0.93358450750098,0.0399483210915533,0.0310656175489808
source_matched_blueprint_026,Blueprint prompt,1,1,1,96,0,0,ok,-2.075800855190214,0.924782480047567,1.2323173135658851,0.979289821139298,1.275009664379774,0.9872481692759114,1.0,3.638416198752446,1.0,4.427323786357247,1.0,4.650015952471838,0.358263857436844,0.2896881434580217
source_matched_baseline_027,Baseline prompt,1,1,1,91,0,0,ok,-0.6973309432067053,0.887503544576534,0.9535730630645408,0.9929249372440466,1.1583225452099966,0.9920049807782886,1.0,1.187076701410816,0.7582417582417582,1.0889410833367816,0.978021978021978,1.258587746254783,0.0550283798187062,0.0710899406695552
source_matched_blueprint_027,Blueprint prompt,1,1,1,92,0,0,ok,-1.5417235959428388,0.921050063351046,0.4658905235562488,0.9801186988803064,0.7658448994878355,0.9964751984652438,1.0,2.544068044350276,1.0,1.2414443056797375,0.9347826086956522,1.888026240556068,0.0985039036953138,0.0676178585750069
source_matched_baseline_028,Baseline prompt,1,1,1,88,0,0,ok,-0.3750674930980078,0.6961269727011612,1.0309047694451434,0.992595278170918,1.070475913108547,0.9826821678407786,0.7727272727272727,0.781944239400783,0.5227272727272727,0.7945416665718126,0.9545454545454546,0.8809245373527712,0.0369018145337004,0.0588949457962213
source_matched_blueprint_028,Blueprint prompt,1,1,1,94,0,0,ok,-1.4790925638705654,0.9290680826406932,0.7698782824487376,0.9807839930624136,0.9650366108242018,0.9979932329523128,0.9680851063829788,2.531478917042256,0.925531914893617,2.0321846833714017,0.925531914893617,2.397940008672037,0.1529842236757219,0.0614339105921236
source_matched_baseline_029,Baseline prompt,1,1,1,90,0,0,ok,-0.4550854694212679,0.7812122646966289,0.7950728885750351,0.9083603141704356,1.0561625893194426,0.987143688364536,1.0,0.948856745396072,0.9777777777777776,0.7630978078958064,1.0,1.0275604815258783,0.1200178685219824,0.0572829049944024
source_matched_blueprint_029,Blueprint prompt,1,1,1,87,0,0,ok,-1.4740873499276876,0.9459093067790968,0.96157163621718,0.9954372491543542,0.9774082129101908,0.99799217895734,0.9655172413793104,2.497324640807949,0.9310344827586208,2.397940008672037,0.9885057471264368,2.429213787085428,0.090910491665015,0.0612210600034644
source_matched_baseline_030,Baseline prompt,1,1,1,93,0,0,ok,-0.5412044670698987,0.7717661180705092,0.9373254540872764,0.9910535802845182,0.9608100071053614,0.9884524492014832,1.0,1.0578291579504553,1.0,1.0772053975353852,0.956989247311828,1.0841789362031344,0.0507284918427753,0.059154806820607
source_matched_blueprint_030,Blueprint prompt,1,1,1,90,0,0,ok,-1.390382411358031,0.8777657551482987,0.6382137426962272,0.9983129648958876,0.5932823198014925,0.981598959630109,1.0,2.53655844257153,1.0,1.664207898076807,1.0,1.6283889300503116,0.035938306386816,0.1112700547398087
source_matched_baseline_031,Baseline prompt,1,1,1,87,0,0,ok,-0.4263963501048365,0.8054829146140713,0.9721152434062746,0.991504948014368,1.0435007210374576,0.9946590481220412,1.0,0.7402030956049765,0.9080459770114944,0.6927846274051608,0.9885057471264368,0.7717964237487982,0.0393881970453431,0.0334716975293327
source_matched_blueprint_031,Blueprint prompt,1,1,1,93,0,0,ok,-1.363526014306314,0.942373592639247,1.0465737564650148,0.9882898677219606,1.0697579968897375,0.9898265592754084,1.0,2.5770477718158977,1.0,2.596992460136322,1.0,2.68674138713329,0.1479542340924882,0.1408506153368711
source_matched_baseline_032,Baseline prompt,1,1,1,91,0,0,ok,-0.6380878586466736,0.7718786493579508,0.7044530605392363,0.9862243380221564,1.0338852324546488,0.9901153037658732,1.0,0.9289369108446276,0.989010989010989,0.6302760969281844,1.0,0.9589249750889524,0.0558468049812174,0.0692929418889818
source_matched_blueprint_032,Blueprint prompt,1,1,1,71,0,0,ok,-1.586825508403091,0.902537816748066,0.7848307311602761,0.9951018030152906,1.048047574811187,0.9986955799379568,1.0,2.5696975733594813,1.0,2.057775044682227,1.0,2.673214983540082,0.0837516925790959,0.0576111300559355
source_matched_baseline_033,Baseline prompt,1,1,1,86,0,0,ok,-0.4518635493926706,0.8463821197058418,0.8924892788642237,0.9960247738449972,1.0417009684775975,0.9971645357983492,1.0,0.6902104414224501,1.0,0.618038352722639,0.9534883720930232,0.7068460268549657,0.0254992348427408,0.0251217581722237
source_matched_blueprint_033,Blueprint prompt,1,1,1,89,0,0,ok,-1.9951405073793125,0.9125513767799012,0.961859308779869,0.9878157291342778,1.1348897539928036,0.9959282139706666,1.0,3.15836249209525,1.0,2.7160033436347994,0.9438202247191012,3.464886798302651,0.2058151254705052,0.1398093005458025
source_matched_baseline_034,Baseline prompt,1,1,1,93,0,0,ok,-0.4609961425802246,0.846728765199311,0.9063809699408356,0.90948847736468,1.1137230362548594,0.9931468414112388,1.0,0.8495211035690495,1.0,0.8902909372685399,0.989247311827957,0.9351495675303024,0.1324512930622829,0.0428556365071184
source_matched_blueprint_034,Blueprint prompt,1,1,1,90,0,0,ok,-2.006447573544328,0.866979477700941,0.8444262764038772,0.9985557567592428,0.901510980640216,0.9986310856891276,1.0,3.3802112417116064,0.9777777777777776,2.894656819455081,0.8555555555555555,3.204119982655925,0.0638758895624528,0.0663892592241227
source_matched_baseline_035,Baseline prompt,1,1,1,94,0,0,ok,-0.4039346869694291,0.845588675928751,0.9800228289437976,0.9988109477752152,1.061571477224676,0.9939619750424948,1.0,0.7956255914265498,1.0,0.7767665521015381,1.0,0.8118401407378022,0.0137415172093341,0.0336241631017784
source_matched_blueprint_035,Blueprint prompt,1,1,1,89,0,0,ok,-1.5632615583955414,0.958829281153518,0.7845105350857908,0.9976302145659132,1.0774344350321334,0.990381025520236,1.0,2.6020599913279625,1.0,2.0401172232079827,1.0,2.635060251430888,0.0563103994636695,0.1563774743080906
source_matched_baseline_036,Baseline prompt,1,1,1,91,1,0,ok,-0.4694920785583576,0.8184171633187991,0.930597905761522,0.9851622206734054,1.091460026599102,0.9885525276527076,1.0,0.8966690495127319,0.989010989010989,0.8586524614613884,1.0,0.9944275805590064,0.0547400864430836,0.0562957474323595
source_matched_blueprint_036,Blueprint prompt,1,1,1,94,0,0,ok,-1.4129398426129052,0.7304480005661116,1.1032173292362693,0.9988235940489169,1.166226104697381,0.9977499757481572,1.0,2.5341348706062528,1.0,2.748338588450559,1.0,2.912772264769883,0.0579071792945555,0.0847037466194548
source_matched_baseline_037,Baseline prompt,1,1,1,100,0,1,ok,-0.6110858131538031,0.6482165776440341,0.950571199508629,0.9857125027239396,0.9809428895830926,0.981713365752117,0.99,1.5038223429428816,1.0,1.4389405037277123,1.0,1.6371113555253256,0.080612538941716,0.094304683330992
source_matched_blueprint_037,Blueprint prompt,1,1,1,90,0,0,ok,-1.307492065888926,0.9437542276006644,0.9394499336893848,0.989896557833196,1.0675338498655047,0.986118408178726,0.8222222222222222,2.376750709602099,0.6777777777777778,2.187990482355389,0.6111111111111112,2.562292864456474,0.1179073348216511,0.1573490649626066
source_matched_baseline_038,Baseline prompt,1,1,1,97,0,0,ok,-0.4779473977136141,0.7248704380323072,1.1179741787244564,0.9866991219546192,1.2172082203554155,0.992009001082486,0.8969072164948454,1.0069488599553278,0.7628865979381443,1.0474246499281383,0.9896907216494846,1.158671708542562,0.0675206989704039,0.056828340998777
source_matched_blueprint_038,Blueprint prompt,1,1,1,94,0,0,ok,-1.5533185739023851,0.8074496386006693,0.6474346062359954,0.9688778711686704,1.1547792609769492,0.9905462282101358,0.9042553191489362,3.213879819945081,0.9574468085106383,2.235803186427641,0.9787234042553192,3.4627722284106115,0.1855696540626192,0.1804160115882984
source_matched_baseline_039,Baseline prompt,1,1,1,91,0,0,ok,-0.5016803810992592,0.8182932156008613,0.922347189915356,0.986847967390679,1.0445424174612843,0.9922552218299132,1.0,0.932424435854018,0.967032967032967,0.7884613958698212,0.989010989010989,0.958472280022248,0.0545393940204376,0.0472675880635133
source_matched_blueprint_039,Blueprint prompt,1,1,1,96,0,0,ok,-1.5322021645183406,0.8857654184814586,0.856203598826277,0.9891407052951824,1.144367757270052,0.9896148784042966,0.9270833333333334,2.506173051777485,0.8541666666666666,2.153814864344529,0.7604166666666666,2.9444826721501687,0.1352644857051431,0.1767556325574421
source_matched_baseline_040,Baseline prompt,1,1,1,88,0,0,ok,-0.5432923168598729,0.8144459318989823,0.8528246419270162,0.9894886608895536,1.1834975359399706,0.9940563898540484,1.0,0.9811552349032916,0.9886363636363636,0.8071179945022182,0.9886363636363636,1.1251772944181453,0.0487844590778025,0.0507908107878323
source_matched_blueprint_040,Blueprint prompt,1,1,1,103,1,0,ok,-1.471123443074919,0.9336425481581826,0.8526099525285957,0.9803681746281364,1.059289407546386,0.9688682575867544,1.0,2.5026753591920503,1.0,2.088136088700552,0.7961165048543689,2.640978057358332,0.1707268440045714,0.2686888566807628
source_matched_baseline_041,Baseline prompt,1,1,1,85,0,0,ok,-0.2157540270924647,0.7921397812288722,0.8986067375508321,0.9661801133863052,1.2146858502798616,0.9697484484729232,1.0,0.4172993082557603,1.0,0.3520814841497799,1.0,0.5557528411247437,0.0375025274873184,0.0478566278650947
source_matched_blueprint_041,Blueprint prompt,1,1,1,88,0,0,ok,-0.9930895005922648,0.8295747643931666,0.9416766625779582,0.9924464853233216,0.9975910097816588,0.9828832156875864,1.0,1.9565152093624676,0.9886363636363636,1.7097080876807451,0.9772727272727272,2.008376019766282,0.0825808079746198,0.1323332525313924
source_matched_baseline_042,Baseline prompt,1,1,1,89,0,0,ok,-0.4786812287610373,0.7781319489551978,0.9794519528264264,0.9931141527921048,1.0802559051442306,0.9940235470626718,1.0,1.0711942861266834,1.0,0.9614875793232036,0.9775280898876404,1.1094859630395992,0.0408264034838786,0.0419303942928065
source_matched_blueprint_042,Blueprint prompt,1,1,1,93,0,0,ok,-1.2849506888252886,0.943832517665662,0.9821381428929824,0.985990211053785,1.0953260556389504,0.9927396340960076,0.946236559139785,2.539717812832688,0.9247311827956988,2.345322130192854,1.0,2.592731766393962,0.1431719765931635,0.1145541799457464
source_matched_baseline_043,Baseline prompt,1,1,1,88,0,0,ok,-0.6402227959976811,0.7614481622423624,0.8789945122431649,0.9960777083271424,0.9666701661955436,0.9965224914171122,1.0,1.2102567644785411,0.9886363636363636,1.1391791757229104,1.0,1.2311659340587284,0.0373092195913035,0.0386256265129769
source_matched_blueprint_043,Blueprint prompt,1,0,0,0,0,0,not_fit,,,,,,,,,,,,,,
source_matched_baseline_044,Baseline prompt,1,1,1,93,0,0,ok,-0.500174235231208,0.781841414860396,0.7528601730884289,0.9383548205301732,1.0469774620769885,0.940463011300312,0.989247311827957,1.316934884935157,0.989247311827957,0.7186885283554867,0.978494623655914,0.9408279985613884,0.1009274439519813,0.1377808441070147
source_matched_blueprint_044,Blueprint prompt,1,1,1,91,0,0,ok,-1.0015336317839847,0.7437159197581016,0.6965386205060766,0.9798471968772706,1.0558333182738449,0.9924083260402716,1.0,2.646899039407141,1.0,1.6170376143610323,1.0,2.823148059810694,0.1071439560662718,0.099049630453237
source_matched_baseline_045,Baseline prompt,1,1,1,85,0,0,ok,-0.5726214599571224,0.7196881201138543,0.8821890118625402,0.9869699170952898,1.0033506443283648,0.995680322698657,0.9882352941176472,0.9982453478204903,1.0,0.8813904212696988,1.0,1.0257829372445306,0.0629585288372442,0.0410477842817551
source_matched_blueprint_045,Blueprint prompt,1,1,1,95,0,0,ok,-1.4234561818366356,0.8011645645363957,0.7397283926519046,0.99640504218666,0.9291409105100238,0.999285915633703,1.0,2.5343430729092384,1.0,1.9177157067372048,1.0,2.461815219823713,0.0654078140087765,0.0365628354264539
source_matched_baseline_046,Baseline prompt,1,1,1,85,0,0,ok,-0.5038464365981796,0.8056766444234591,1.0271359507901423,0.9984022309286056,0.8459504502459435,0.9852076112371756,0.9882352941176472,0.8576970391086158,1.0,0.8829725859210127,0.9647058823529412,0.7781512503836436,0.0212239302963716,0.053541908749687
source_matched_blueprint_046,Blueprint prompt,1,1,1,89,0,0,ok,-0.8425818165463891,0.8197417088410962,0.7313567238509376,0.986154024848696,1.2270971832246604,0.9921752095220444,0.898876404494382,1.3187587626244133,0.7303370786516854,0.956248492136924,0.9325842696629212,1.7133008179139462,0.0743962989203759,0.0935521571853869
source_matched_baseline_047,Baseline prompt,1,0,0,0,0,0,not_fit,,,,,,,,,,,,,,
source_matched_blueprint_047,Blueprint prompt,1,1,1,91,0,0,ok,-1.7144571848541506,0.9573430039625862,0.8761449074552639,0.9917491084959908,0.8582856109747067,0.9926648034906748,1.0,2.711204460753031,0.967032967032967,2.3010299956639817,0.6263736263736264,2.514104820972832,0.1293273127547178,0.1193991349379751
source_matched_baseline_048,Baseline prompt,1,1,1,96,0,0,ok,-0.7056259481764158,0.7773231113723253,0.9288738273267384,0.9973452585154776,0.990426113219219,0.9950891734393312,1.0,1.3275305173031997,0.9895833333333334,1.2235970021559166,0.7916666666666666,1.324511091513504,0.0355219735290969,0.0515727613636112
source_matched_blueprint_048,Blueprint prompt,1,1,1,87,0,0,ok,-1.124041403114268,0.867702238681532,1.0253851615321803,0.9918102264109456,1.172635655576134,0.9901692377327096,0.896551724137931,2.3921104650113136,0.8275862068965517,2.2552725051033065,0.6436781609195402,2.5118833609788744,0.1035936401154141,0.1299051551552025
source_matched_baseline_049,Baseline prompt,1,1,1,89,0,0,ok,-0.4929746901888865,0.7974363226400514,0.7271136716917489,0.9739628415046676,1.0076140637332127,0.9895567641188006,1.0,0.9930107916823152,1.0,0.724967488427394,1.0,1.055180969643858,0.0605429577215746,0.0527141408012033
source_matched_blueprint_049,Blueprint prompt,1,1,1,57,1,0,ok,-1.611370935340156,0.9377818023758514,0.7908621165368346,0.9968783477559758,0.9546270177452332,0.9984472844383844,0.9824561403508772,2.544068044350276,0.9824561403508772,2.037537160313984,1.0,2.445798736079494,0.0661022457162235,0.0562291304110765
source_matched_baseline_050,Baseline prompt,1,1,1,89,1,0,ok,-0.3646205538257713,0.8039521553831959,0.9308816421973608,0.9871252111172284,0.945603302271599,0.988467640889611,1.0,0.5686591998186898,1.0,0.5447200652289608,0.9775280898876404,0.5357238807038571,0.0398807717819794,0.0383152781860625
source_matched_blueprint_050,Blueprint prompt,1,1,1,96,0,0,ok,-1.3376445770511645,0.9742082900094022,0.8847729575819576,0.9803065566215512,1.2123695406336783,0.9872959214872284,0.9479166666666666,2.5336026106721112,0.7395833333333334,2.2218487496163566,0.9583333333333334,2.841302577223372,0.1574000231126793,0.1726139956169269
source_matched_baseline_051,Baseline prompt,1,1,1,88,0,0,ok,-0.3812744881681836,0.7993068672453687,1.1584524201475406,0.9833889613702148,1.3927875345768628,0.9696494457595176,0.8522727272727273,0.6353981799774955,0.9772727272727272,0.6703094482699048,1.0,0.9182287547874388,0.0591957615092382,0.0968807491819692
source_matched_blueprint_051,Blueprint prompt,1,1,1,87,0,0,ok,-1.593383426941782,0.9366716511389656,1.0974974523037773,0.9892488387916968,0.9637851665568132,0.9926811139244694,1.0,2.6153382485491337,1.0,2.7421269213661685,1.0,2.66572907119734,0.1735531496811064,0.1255312687605034
source_matched_baseline_052,Baseline prompt,1,1,1,91,0,0,ok,-0.454988920721033,0.775147306024606,0.9683053602470748,0.98626838689071,1.1835454527893383,0.9958321391190708,1.0,0.7628391502587304,0.989010989010989,0.7379548702480925,0.945054945054945,0.8957458622515511,0.0545325973276495,0.0365450956876789
source_matched_blueprint_052,Blueprint prompt,1,1,1,95,0,0,ok,-1.117413004735419,0.840858952408883,1.043319388230334,0.9812576962458625,1.107580331267034,0.9830674201538314,1.0,2.5333441789585027,0.9894736842105264,2.0794861210913163,0.9789473684210528,2.590569402318452,0.1626426868823537,0.1639617192082783
source_matched_baseline_053,Baseline prompt,1,1,1,87,0,0,ok,-0.6041281413469182,0.8293946745092509,0.744915687167144,0.9236243015360396,0.7992278201488691,0.9428854032906347,0.8735632183908046,1.1638745331160854,0.9885057471264368,0.8413676494184834,1.0,0.8527848686805477,0.130922095022458,0.1202238407155936
source_matched_blueprint_053,Blueprint prompt,1,1,1,91,0,0,ok,-1.3479349994976433,0.9244690632190866,0.852507148874795,0.973992742463211,1.1078983244585747,0.9905140060060772,0.989010989010989,2.647564911668141,0.9010989010989012,2.01424043911461,0.6923076923076923,3.0791812460476247,0.1803690969778966,0.1403801494657562
source_matched_baseline_054,Baseline prompt,1,1,1,93,0,0,ok,-0.4182459805888258,0.8305769971182921,0.8803306057015833,0.9906468444789528,1.0479654860645182,0.9956670780531346,1.0,0.8697265137947845,0.7849462365591398,0.7303784685876429,0.946236559139785,0.9497513165508632,0.0362972923526579,0.0293352044878764
source_matched_blueprint_054,Blueprint prompt,1,1,1,93,0,0,ok,-0.9479525282384434,0.7572731295584145,0.7160641612324518,0.972001479133319,1.0197528045258388,0.9953916473960666,0.8817204301075269,2.6020599913279625,0.9247311827956988,1.5593080109070128,1.0,2.5217481091626817,0.1224089829675854,0.0698872631173697
source_matched_baseline_055,Baseline prompt,1,1,1,93,0,0,ok,-0.6255292294832833,0.8566298398114662,0.8557019540694698,0.982918132447591,1.018469301555558,0.9834847981845596,0.989247311827957,1.2680151556365908,1.0,1.0415043261145749,0.946236559139785,1.2709416694534958,0.0704935673472286,0.0824753226713138
source_matched_blueprint_055,Blueprint prompt,1,1,1,93,0,0,ok,-1.3560090970989127,0.9012180900414818,0.7797107676389167,0.9911472299505628,1.0077247234963482,0.9901889374911492,1.0,2.557401899888561,0.989247311827957,1.8780056440384816,0.978494623655914,2.5483211596680384,0.0973237075604809,0.1324815825486022
source_matched_baseline_056,Baseline prompt,1,1,1,89,0,0,ok,-0.5605606110229406,0.7810861756854127,0.9915041061689344,0.9974476929269313,1.0874975106152864,0.992138038114011,1.0,1.038064741809297,1.0,0.9993316109687838,1.0,1.074486124839245,0.0293459466819611,0.0566421719835365
source_matched_blueprint_056,Blueprint prompt,1,1,1,95,0,0,ok,-1.9253285403839928,0.9322592821018558,0.9247475747709536,0.9834492899967252,1.1599163484550186,0.9950936934747884,1.0,3.5197086984908315,1.0,3.135331458650516,1.0,4.106985130133199,0.2214303719543034,0.1503327773711868
source_matched_baseline_057,Baseline prompt,1,1,1,87,0,0,ok,-0.6265023812565679,0.8350215215389298,0.8170820914157093,0.9894027429633686,0.9488921690410796,0.98059773423339,1.0,1.2488324453628934,1.0,1.060744512198633,0.9770114942528736,1.2410133621198802,0.0534167205521952,0.0843138643976352
source_matched_blueprint_057,Blueprint prompt,1,1,1,95,0,0,ok,-1.4772238728670324,0.8765664250763171,0.88661810990397,0.9938491888160812,1.1309046701276275,0.9903550585468612,0.8736842105263158,2.6087933739869307,0.7894736842105263,2.352182518111363,0.8842105263157894,3.1760912590556813,0.1018689013156217,0.1629969221295692
source_matched_baseline_058,Baseline prompt,1,1,1,88,0,0,ok,-0.4330618578072377,0.7904774575935494,0.5897713445260135,0.987551531258271,1.22806615792961,0.974402080067726,1.0,0.8659383123118225,1.0,0.4957395985877944,1.0,0.8811431441988962,0.0297346374084344,0.0893831996109524
source_matched_blueprint_058,Blueprint prompt,1,1,1,92,0,0,ok,-1.5446039846442297,0.9032570607062193,0.7879388377315539,0.998414386998671,1.2266769704869451,0.9948410539854738,1.0,2.585335373905984,1.0,2.0,0.6086956521739131,2.9395192526186187,0.047159453063528,0.1326682261563761
source_matched_baseline_059,Baseline prompt,1,1,1,96,0,0,ok,-0.4847218590507019,0.7135933779674708,0.7745055876146612,0.93679627941401,1.0356256816014358,0.9849810221790504,1.0,0.9718610133828598,0.5833333333333334,0.8016323462331663,0.9895833333333334,0.9689372963343004,0.1069101038725303,0.0679601800340405
source_matched_blueprint_059,Blueprint prompt,1,1,1,92,0,0,ok,-1.7337628438579882,0.8658700253434224,0.7412469832755731,0.9989417831348132,0.9500121609830584,0.9994991523058488,1.0,3.066946789630613,1.0,2.361727836017593,0.9782608695652174,2.937852093251156,0.0415398694635697,0.0366164070729571
source_matched_baseline_060,Baseline prompt,1,1,1,91,0,0,ok,-0.5234372055441208,0.7847991593934931,0.998142989705383,0.9977268186285256,0.8915295273085687,0.987735672262252,1.0,0.9992269359823398,1.0,0.9398604804039348,0.989010989010989,0.8563879376083101,0.0259992745437205,0.0542118819494499
source_matched_blueprint_060,Blueprint prompt,1,1,1,93,0,0,ok,-1.4568778040959756,0.9700798866088478,0.8404962420306777,0.9974845925730214,0.9410632718329456,0.9985711611168936,1.0,2.5187621790855053,1.0,2.148062535455438,1.0,2.2648178230095364,0.0577262277626341,0.0486863565821958
source_matched_baseline_061,Baseline prompt,1,1,1,90,0,0,ok,-0.3137195490338394,0.7689022133667175,0.8765324691372118,0.9845406480112452,1.0216346791251456,0.974992987754356,1.0,0.6100379279133081,0.9888888888888888,0.4933241735274034,1.0,0.5981207853470143,0.0362719291464439,0.0540318220381782
source_matched_blueprint_061,Blueprint prompt,1,1,1,90,0,0,ok,-1.9470082878340675,0.7843553432869756,0.6050079167819592,0.9771132411836204,0.8149161410181744,0.9881332322471172,1.0,3.717771337570141,1.0,2.132473154505558,0.7333333333333333,2.921686475483602,0.1878927089154286,0.1812176781211231
source_matched_baseline_062,Baseline prompt,1,1,1,95,0,0,ok,-0.6734063465446777,0.8400509646037034,0.9636756082714294,0.9916197553668968,1.030513162872773,0.9955011213969456,1.0,1.226657829918148,1.0,1.11419927127824,0.9894736842105264,1.26440110030182,0.0602498800102048,0.0471144754693368
source_matched_blueprint_062,Blueprint prompt,1,1,1,93,0,0,ok,-1.75442211240185,0.9431729546104284,0.6134576472371719,0.9855798225564444,1.021891059903535,0.9874457013841336,1.0,2.93101098530777,1.0,1.849533426465932,0.5913978494623656,2.951823035315912,0.1239451001062433,0.1924640377586181
source_matched_baseline_063,Baseline prompt,1,1,1,89,0,0,ok,-0.6384731278418291,0.8304145075643997,0.7617256049109671,0.9832840358425534,0.93573041802644,0.9946986202159614,1.0,1.1111798921264278,1.0,0.7590132937263858,1.0,0.953912999194456,0.0641917245195374,0.0441523390261568
source_matched_blueprint_063,Blueprint prompt,1,1,1,92,0,0,ok,-1.7323880614088705,0.877776193586546,0.845244190680087,0.9960511686647356,0.977952033817718,0.9821809105005046,1.0,2.770727232304436,1.0,2.4530971937389907,0.7717391304347826,2.9745116927373285,0.090939077679936,0.2250813169074074
source_matched_baseline_064,Baseline prompt,1,1,1,92,0,0,ok,-0.510652556000353,0.7361820503370886,0.8316349012260227,0.9688819106296932,1.0385539302412874,0.9808616544857042,1.0,1.0175824181452064,1.0,0.8229600778895341,0.9782608695652174,1.111893177853219,0.081970624373955,0.0797869509063564
source_matched_blueprint_064,Blueprint prompt,1,1,1,95,0,0,ok,-1.545463754904608,0.9352976083782998,1.020351822358911,0.9787484369388588,1.0012673266720662,0.99186629332794,1.0,2.5025683769321425,1.0,2.535452361794167,1.0,2.4974825373673704,0.2224021206187087,0.1341210092839537
source_matched_baseline_065,Baseline prompt,1,1,1,88,0,0,ok,-0.4006461216103025,0.8391288797859774,1.1042135028584303,0.9764350463933092,1.0856153213490043,0.9785189434197512,1.0,0.7489167212665313,0.9886363636363636,0.7430930005862577,1.0,0.7628982276397365,0.0691682812329901,0.0648576904855229
source_matched_blueprint_065,Blueprint prompt,1,1,1,94,0,0,ok,-1.8490777561515332,0.9542064489875912,1.0224233144463988,0.973719890626367,1.1332733713181116,0.9976467254901398,1.0,3.200552048086041,1.0,3.068457380655852,0.9574468085106383,3.372039438699102,0.2941503802380199,0.0963883831595938
source_matched_baseline_066,Baseline prompt,1,1,1,93,0,0,ok,-0.4691755117055017,0.8482354502657306,0.9741505590536038,0.9855942848884568,1.0127939618408,0.9946910239782772,1.0,0.8697216394333296,1.0,0.6893400203837259,1.0,0.8998330762768023,0.0554738730318158,0.0348519006467672
source_matched_blueprint_066,Blueprint prompt,1,1,1,92,0,0,ok,-1.5582316889278118,0.7720924196920226,0.7216122035585079,0.9894466498711644,1.073428697663673,0.9904664898396224,0.9782608695652174,2.4844204934611627,0.9239130434782608,1.897888793306136,0.9782608695652174,2.7285924709428198,0.1221298543887469,0.1725832778043003
source_matched_baseline_067,Baseline prompt,1,1,1,101,0,0,ok,-0.5715260516748977,0.6729049688611948,0.9511492044714268,0.9394662114152552,1.178125974935861,0.966421922211429,0.8415841584158416,1.4881191227400876,0.9504950495049505,1.2780395278342245,1.0,1.5493536408119597,0.1561901815348243,0.1420636588152443
source_matched_blueprint_067,Blueprint prompt,1,1,1,88,0,0,ok,-1.6663269858997014,0.9079029281269356,1.000048698648748,0.9931822744948922,1.0343404810840306,0.9985426019373131,1.0,2.7331242805703253,1.0,2.67264106561367,0.9318181818181818,2.9363309201306227,0.1335865243644832,0.0637096974232618
source_matched_baseline_068,Baseline prompt,1,1,1,86,0,0,ok,-0.3357990155114068,0.7139403322231552,0.97546011643357,0.9577112625794016,0.6676636487065651,0.9712291070267988,1.0,0.6218934554965516,0.9534883720930232,0.5579798026609533,0.9767441860465116,0.3888603508201194,0.0750079438594031,0.0420509913635864
source_matched_blueprint_068,Blueprint prompt,1,1,1,92,0,0,ok,-1.9801941156463747,0.9224680869924092,1.2847894511325333,0.9862087437881052,1.0307295234340534,0.9868049252511972,1.0,2.9739052885477903,0.967391304347826,3.770115294787102,0.6195652173913043,2.959994838328416,0.2894697203501712,0.2270851209630618
source_matched_baseline_069,Baseline prompt,1,1,1,92,0,0,ok,-0.3034491648870958,0.7028872646617508,1.016625784956321,0.9777292463712824,1.0467194829268929,0.9928235308826784,1.0,0.5269244393585097,0.9782608695652174,0.5317229255599036,0.9782608695652174,0.5811219473890725,0.0513196851929995,0.0297655832240309
source_matched_blueprint_069,Blueprint prompt,1,1,1,91,0,0,ok,-1.627788790105302,0.9590891794870386,0.8257457491021569,0.9933052902388056,0.9683214784344548,0.99242391001037,1.0,2.6229509087428085,1.0,2.079750812662905,0.5384615384615384,2.638489256954637,0.1040665916025738,0.1298775236613425
source_matched_baseline_070,Baseline prompt,1,1,1,92,0,0,ok,-0.5634912263263528,0.7783793405955419,0.7867332217121092,0.9917581319673724,1.0802662926103603,0.9954546849321456,1.0,1.12870168846029,1.0,0.8727153050504182,1.0,1.0960258026953549,0.042330221492827,0.043083917150065
source_matched_blueprint_070,Blueprint prompt,1,1,1,100,0,1,ok,-1.6271440264953887,0.9266200094454082,0.9093575404591288,0.993481446466897,1.059629481891482,0.9945470247926717,1.0,2.866333012667247,1.0,2.5694714490835984,0.97,3.0619046337161704,0.1155522575759347,0.1230852913807204
source_matched_baseline_071,Baseline prompt,1,1,1,96,0,0,ok,-0.465498402464041,0.7807202273816338,0.7123146756889707,0.9879013282844812,0.9482203817892946,0.9872884164523736,1.0,0.9187412595562092,0.9895833333333334,0.6816914205788138,0.6875,0.802974834108676,0.0384620728409432,0.0524971619510569
source_matched_blueprint_071,Blueprint prompt,1,1,1,90,0,0,ok,-2.0227641192597727,0.8784772426089777,0.5894005306083467,0.984060686060278,0.946594577542999,0.9985185137871924,1.0,3.461544886533477,1.0,2.0347621062592123,1.0,3.1461280356782377,0.1494280675559788,0.0726327595629314
source_matched_baseline_072,Baseline prompt,1,1,1,91,0,0,ok,-0.3886134147557296,0.74336754963661,0.8458008827549293,0.990971835919832,0.8749070408771288,0.9941096751304316,1.0,0.6886227824904925,1.0,0.5542164928879876,1.0,0.5874269400287981,0.033606641451898,0.028035112160484
source_matched_blueprint_072,Blueprint prompt,1,1,1,80,0,0,ok,-1.6432298720731284,0.9047660920354208,0.7834959941834725,0.992070176603438,0.935146179679056,0.9971896719312212,1.0,2.5906480061458392,0.95,2.180829726762852,0.975,2.406994107292006,0.1109758800143865,0.0786503003080893
source_matched_baseline_073,Baseline prompt,1,1,1,90,0,0,ok,-0.5397030354539056,0.829218778587897,0.9573593789248432,0.996591118590136,1.129998046930167,0.9851577487997742,1.0,0.966953291881377,1.0,0.927269694421271,1.0,1.124839116357398,0.0306309548716382,0.0758774612807168
source_matched_blueprint_073,Blueprint prompt,1,1,1,97,0,0,ok,-1.4319046021289246,0.9675100716924062,0.7525991943233463,0.9629613769602194,1.1592377722236,0.9929448155002456,0.9484536082474226,2.5539985458577226,0.9690721649484536,1.9066352677565932,0.9175257731958762,2.7407573233077707,0.1991042513195526,0.1318129127842386
source_matched_baseline_074,Baseline prompt,1,1,1,91,0,0,ok,-0.4150803469954241,0.8139281269644196,0.8868629366795816,0.9875052210450584,0.9639085191578152,0.9880788147560342,0.989010989010989,0.681360792318304,1.0,0.6138340067517021,0.978021978021978,0.6678120223456323,0.0423898774058283,0.0449894630267899
source_matched_blueprint_074,Blueprint prompt,1,1,1,88,1,0,ok,-1.3797466719293017,0.922026193354296,0.612078923800009,0.9092706835648948,0.8964788173229324,0.9663709210212792,1.0,2.556302500767288,1.0,1.6135398090113928,1.0,2.276206411938949,0.2561286040092436,0.2215384048472059
source_matched_baseline_075,Baseline prompt,1,1,1,92,0,0,ok,-0.3616589869693591,0.807554222768303,0.9149328143129194,0.9802437699929852,1.1866441393555254,0.9902857820798148,1.0,0.7042631725713768,1.0,0.6151421395390151,1.0,0.7793660609153246,0.0483069047054068,0.043709834587591
source_matched_blueprint_075,Blueprint prompt,1,1,1,90,0,0,ok,-1.4537247053081646,0.8637390342780089,0.9024832499926856,0.9957032878267028,0.8621815690310889,0.992881632435902,0.8666666666666667,2.61395921462767,0.8777777777777778,2.2486419262042934,1.0,2.338171803668548,0.0855955153463043,0.1054020120575647
source_matched_baseline_076,Baseline prompt,1,1,1,88,0,0,ok,-0.4397759441005529,0.776356837380097,0.8493119592382602,0.9878509031753944,1.1006094234791597,0.995866655602173,1.0,0.7457922115992028,0.9886363636363636,0.6602353232987261,0.9886363636363636,0.8484936357477598,0.0433401111098161,0.0326272080847619
source_matched_blueprint_076,Blueprint prompt,1,1,1,87,0,0,ok,-1.505819927771855,0.7693465116188505,1.0432755895800785,0.9991061558354551,0.9633491861199628,0.9977230744749606,1.0,2.52418624622253,1.0,2.6623532223799637,1.0,2.4747731343271093,0.0493586914909856,0.0727935072104759
source_matched_baseline_077,Baseline prompt,1,1,1,92,0,0,ok,-0.5964984768595879,0.8246853138008657,0.7101403859450078,0.96427649397934,0.8684541464256725,0.9823548864431164,1.0,1.16927037240095,0.9782608695652174,0.8056159622781514,0.9891304347826086,0.993944672875962,0.0829673594352214,0.070649928352163
source_matched_blueprint_077,Blueprint prompt,1,1,1,91,0,0,ok,-1.7455071722452309,0.9104274712790732,0.9432530928360638,0.9954402637643812,1.075658249621929,0.9955730966062202,1.0,2.8499221733092366,1.0,2.6670007982609767,0.6043956043956044,2.935003151453655,0.1078602397900308,0.1211877279351877
source_matched_baseline_078,Baseline prompt,1,1,1,89,0,0,ok,-0.3853539997354009,0.7699380864865553,0.6734530024515519,0.9844677351404156,0.9269904963436344,0.9767029435454032,0.6629213483146067,0.7351821769904632,0.7752808988764045,0.4573771965239053,0.5730337078651685,0.7103994661168005,0.0342700723234308,0.0580010207543986
source_matched_blueprint_078,Blueprint prompt,1,1,1,93,0,0,ok,-0.7924670309347612,0.7407966970900075,0.805450297927421,0.9724478430865188,0.982596506716721,0.9804462223663254,1.0,1.5236166950834216,1.0,1.1712465637323382,0.967741935483871,1.4617985575251091,0.1154202547463463,0.1181346508924304
source_matched_baseline_079,Baseline prompt,1,1,1,90,0,0,ok,-0.5637763551818938,0.7296513524018213,0.9859156868505262,0.9981832653812688,0.993670326561909,0.9815902369786758,1.0,1.112838545851945,0.9222222222222224,1.073884906237677,0.9777777777777776,1.058541339184922,0.0256240247207141,0.0829026225216969
source_matched_blueprint_079,Blueprint prompt,1,1,1,94,0,0,ok,-1.7167217889517417,0.9585519992785752,0.8068483151861645,0.9880753246268874,0.9737633643621012,0.998018444527249,1.0,2.843879821874938,1.0,2.2773600350661445,0.9361702127659576,2.7948569438864963,0.1437872371324773,0.0703861890160613
source_matched_baseline_080,Baseline prompt,1,1,1,93,0,0,ok,-0.5927041560398535,0.8068845888778864,0.6799003810249243,0.9541841291145025,1.1129586881983915,0.9719686240868228,1.0,1.0994656859933611,1.0,0.7101269725144719,1.0,1.1622480318813917,0.0908942436226772,0.1153119577676051
source_matched_blueprint_080,Blueprint prompt,1,1,1,79,0,0,ok,-1.4375330248752451,0.9566376957550576,0.734092212648824,0.991594071832512,1.028555843979575,0.9826350711914298,1.0,2.534416658674094,1.0,1.86143240735652,0.8227848101265823,2.4497354542300296,0.091035105850141,0.1841622691793563
source_matched_baseline_081,Baseline prompt,1,1,1,91,0,0,ok,-0.3807000307381587,0.7580081254105896,0.8357501978333469,0.9735542106750504,1.3512333296151051,0.992621899222796,1.0,0.7155576962001611,1.0,0.550475300353177,1.0,0.9505620257009572,0.0556278904203497,0.0470466407907641
source_matched_blueprint_081,Blueprint prompt,1,1,1,89,0,0,ok,-1.1230583420676086,0.8879831555411559,0.7569511336482918,0.9823996526371356,1.2752084687026597,0.9938703807894702,0.898876404494382,2.424812155072339,0.8089887640449438,1.573288248757938,0.9550561797752808,2.8259750680622195,0.111389287365585,0.1101012182408787
source_matched_baseline_082,Baseline prompt,1,1,1,93,0,0,ok,-0.6254213509563975,0.8619466552922636,0.867462791886425,0.9939643374701962,1.0758103564110886,0.978711785120255,1.0,1.027452425156925,0.967741935483871,0.8948955083766723,0.989247311827957,1.1308977873819468,0.0421043912287056,0.0988274063789447
source_matched_blueprint_082,Blueprint prompt,1,1,1,90,0,0,ok,-2.100622819261881,0.908515214209178,0.691129074372705,0.987738179097625,0.887361949528893,0.9982427632796184,1.0,3.0401172232079823,1.0,2.109144469425068,0.9111111111111112,2.775558439805364,0.156644628213554,0.075735174617123
source_matched_baseline_083,Baseline prompt,1,1,1,85,0,0,ok,-0.475816658138166,0.7722401527447063,0.975767640931712,0.9853104110967468,1.0605291603143352,0.996541554262552,1.0,0.8800924358180042,1.0,0.8688057916585428,0.976470588235294,0.9373942181619292,0.0593613804779117,0.0311282486072782
source_matched_blueprint_083,Blueprint prompt,1,1,1,87,0,0,ok,-0.7953393537687448,0.8016655899703842,0.970762788946286,0.9909336319158216,1.0557925070692538,0.991524362045125,0.9540229885057472,1.6690067809585756,1.0,1.6697292264010697,0.9540229885057472,1.7940562928466248,0.0759960149898336,0.0798907299281939
source_matched_baseline_084,Baseline prompt,1,1,1,90,0,0,ok,-0.4935742190083241,0.7831502848634007,0.6987087662377302,0.9702516196882792,1.2498322598506169,0.9708572028684614,1.0,0.8032715854655201,1.0,0.5211252498614818,1.0,0.9922256031346212,0.0629844557327228,0.111477541596253
source_matched_blueprint_084,Blueprint prompt,1,1,1,81,0,0,ok,-1.3565714258482282,0.7045922087071547,0.7118733486726124,0.9913822903370236,1.0748559201287369,0.997923121763985,1.0,2.510057312814649,1.0,1.6904422089565538,1.0,2.637360590504154,0.0984372572410281,0.0727258234663902
source_matched_baseline_085,Baseline prompt,1,1,1,89,0,0,ok,-0.5699600816496583,0.7897817808753539,0.748858160953876,0.994798787885488,0.9842992598308048,0.98329650911822,1.0,0.9269458599040136,1.0,0.7063256105399471,0.9662921348314608,0.9878123652618548,0.0320357000318932,0.0758994317617728
source_matched_blueprint_085,Blueprint prompt,1,1,1,96,0,0,ok,-1.9395051168365856,0.9501418856155868,0.8050458846656494,0.9977536072439248,1.0526094047939991,0.9876202049694788,1.0,3.060088304138602,1.0,2.50740605862413,0.875,3.363987829748491,0.0703925627808321,0.2171720549884714
source_matched_baseline_086,Baseline prompt,1,1,1,92,0,0,ok,-0.3787070932435705,0.7458658301105034,1.0305824637517802,0.9868810681453792,1.0379571349852297,0.9776401371453118,0.9130434782608696,0.7714178677246748,0.967391304347826,0.7509043352427813,0.9891304347826086,0.793104963289303,0.048149774923084,0.0636090864861274
source_matched_blueprint_086,Blueprint prompt,1,1,1,90,0,0,ok,-1.8316456301863424,0.8679646714947755,1.0179419576035738,0.9930194180286196,0.9730176485514792,0.9981869135567306,1.0,2.954242509439325,1.0,2.8293037728310244,1.0,2.923036668670786,0.1548810175092208,0.075254464445096
source_matched_baseline_087,Baseline prompt,1,1,1,92,0,0,ok,-0.5416168363090984,0.7804446903811637,0.8934935205922081,0.9883452654193124,0.9688342303772768,0.9946516276658264,0.9891304347826086,1.0673474466313042,0.9891304347826086,0.9303091777825792,1.0,1.0965553421170473,0.0549706597157447,0.0402501481841262
source_matched_blueprint_087,Blueprint prompt,1,1,1,92,0,0,ok,-1.2266915695524885,0.8969416452152559,0.9889644756312892,0.997837713584688,1.3392059636693876,0.9954206395303516,0.9239130434782608,2.3622996524029043,0.967391304347826,2.3498785632017976,0.9456521739130436,3.014825896114081,0.0551038864716683,0.1087229820122081
source_matched_baseline_088,Baseline prompt,1,1,1,92,0,0,ok,-0.284860656506642,0.8068046985017265,1.218396167625498,0.9377808077485016,1.5086647683288563,0.9250444340339228,1.0,0.5123146222918971,1.0,0.6213911903890224,0.9456521739130436,0.7869966576115477,0.0919750219085661,0.1258587043646622
source_matched_blueprint_088,Blueprint prompt,1,1,1,88,0,0,ok,-1.4317458310539557,0.9644406253708808,0.7097325513021625,0.9812413569003616,1.1033426054175326,0.994674980120076,0.9090909090909092,2.5783221443731765,0.9204545454545454,1.834374174622484,0.8522727272727273,2.733338905967281,0.1318959310751506,0.108506134989702
source_matched_baseline_089,Baseline prompt,1,1,1,87,0,0,ok,-0.4378289831433255,0.8297518978032008,0.9272351547591798,0.982322022928066,1.0815428152509314,0.9951768515558104,1.0,0.8084369464460348,1.0,0.7118592808758439,0.9885057471264368,0.8843513391619302,0.0550854714758812,0.0333439263013149
source_matched_blueprint_089,Blueprint prompt,1,1,1,91,0,0,ok,-1.7173752009966357,0.9562566809546594,0.7859665238212294,0.997708108138846,0.7905883602793583,0.9967023257506168,1.0,2.7639108112690334,1.0,2.0781605769952174,1.0,2.3010299956639813,0.0611011281766573,0.0737600880811466
source_matched_baseline_090,Baseline prompt,1,1,1,91,0,0,ok,-0.3051941680916058,0.8025640299424606,1.0391319170856523,0.9811046476790628,0.9801315080744958,0.9949696972027742,1.0,0.5380147654172411,1.0,0.4978267612372762,0.989010989010989,0.495392550772388,0.0453731388001883,0.0219272817136018
source_matched_blueprint_090,Blueprint prompt,1,1,1,89,0,0,ok,-1.701172575979759,0.9286000265773232,0.6859423412011683,0.9974643545275116,0.8958803667612234,0.9947676536531804,1.0,2.653212513775344,1.0,1.908919530652668,1.0,2.461609088541415,0.0563217732570226,0.1058109389920165
source_matched_baseline_091,Baseline prompt,1,1,1,90,0,0,ok,-0.5595938211335222,0.760671342446025,0.9767942518393556,0.9893759196666436,1.0800594531323808,0.9866429299412808,0.9888888888888888,0.9208857104458268,0.9888888888888888,0.959408350080064,0.9555555555555556,1.0214889158337384,0.0599460105591596,0.0744244177768323
source_matched_blueprint_091,Blueprint prompt,1,1,1,93,0,0,ok,-1.0740308405611665,0.8903124872888688,0.9005200620170206,0.9969109056201826,1.0151440894332615,0.995987166264841,0.913978494623656,2.5920757704213617,0.967741935483871,2.294404121988471,0.978494623655914,2.471804931575037,0.0527586023747779,0.067817047211923
source_matched_baseline_092,Baseline prompt,1,1,1,91,0,0,ok,-0.3187799856867928,0.8578082209852884,0.9631710403793317,0.9781621536824926,1.1481146478163975,0.9684408339252816,1.0,0.5864616789132668,0.989010989010989,0.6125128047963919,0.989010989010989,0.6833923719735686,0.0457478575106919,0.0658839060572773
source_matched_blueprint_092,Blueprint prompt,1,1,1,84,0,0,ok,-1.3623099280699853,0.8545422759348569,0.8255759587695467,0.8575879617677935,0.9944226529678236,0.863588094531752,0.9761904761904762,4.204474653546934,0.8333333333333334,2.718778397689572,0.9761904761904762,3.1728946977521764,0.4559239023716605,0.5356056307196632
source_matched_baseline_093,Baseline prompt,1,1,1,92,0,0,ok,-0.311555619363253,0.7356642677378296,1.1391723335446031,0.9860300977519608,1.1691604150445143,0.982752266881192,1.0,0.5519942139495164,1.0,0.5868019167185246,0.9891304347826086,0.6451448920273106,0.0455154021675625,0.0519918708442852
source_matched_blueprint_093,Blueprint prompt,1,1,1,94,0,0,ok,-1.5904353907993656,0.9117682613061872,0.8208268400292892,0.9632571528334128,1.2535867069184663,0.9810073827213036,0.9148936170212766,2.539269161468507,0.925531914893617,1.9542425094393248,0.9680851063829788,3.245759355967277,0.2470294508019702,0.2687772776828105
source_matched_baseline_094,Baseline prompt,1,1,1,78,0,0,ok,-0.6210782751693055,0.875312681293706,0.7995766598005355,0.983235169611722,1.0760617315587613,0.9905166438712748,1.0,1.1059104470385197,1.0,0.7865079654830649,0.9743589743589745,1.0926729600648015,0.0634694701411429,0.0640060774422233
source_matched_blueprint_094,Blueprint prompt,1,1,1,90,0,0,ok,-1.2342368588317592,0.9047484794760684,0.6873837218615052,0.9958233737874864,0.8689460535619293,0.9908009577305192,1.0,2.5001865587883554,1.0,1.79835463647193,0.7777777777777778,2.3222192947339195,0.0533179292213115,0.1002820716256777
source_matched_baseline_095,Baseline prompt,1,1,1,87,0,0,ok,-0.5418344442213395,0.8566289644686245,1.007397727555125,0.9928294710957416,1.0440376408031355,0.992134263884454,1.0,0.9161004683746156,1.0,0.9491668620680712,1.0,0.9756406541405552,0.0461781918094224,0.0501416140548213
source_matched_blueprint_095,Blueprint prompt,1,1,1,81,1,0,ok,-0.8722727688988283,0.8526321630234649,0.8845358097604571,0.9925494748465096,1.02523106815638,0.9944799328590208,0.8888888888888888,1.4863619114545743,0.8148148148148148,1.1924816752438503,0.925925925925926,1.3961075397849827,0.0664372904752359,0.0662178473363062
source_matched_baseline_096,Baseline prompt,1,1,1,99,0,0,ok,-0.3369476742404598,0.7522074954399297,0.7772414654972752,0.9814215918278248,0.9180850211920848,0.9810623561994736,0.98989898989899,0.5962835055821003,0.9797979797979798,0.4585604419669966,1.0,0.5709603665644714,0.0385372496663382,0.0459669699022913
source_matched_blueprint_096,Blueprint prompt,1,1,1,92,0,0,ok,-1.8658678189636764,0.9095954195589072,0.495327623872846,0.9340953674688498,0.596187021522282,0.9599802922465932,1.0,3.223896940702605,1.0,1.8487323246693517,1.0,2.258060922270801,0.2378664839989945,0.2200729461150652
source_matched_baseline_097,Baseline prompt,1,1,1,92,0,0,ok,-0.3507070181223112,0.727710766766168,0.9385205261670856,0.99021142026484,1.1081853340596048,0.9965394455912392,0.6739130434782609,0.7107882705133175,0.5108695652173914,0.6886291709977996,0.9130434782608696,0.787027650973338,0.0354508218635287,0.0248098791531834
source_matched_blueprint_097,Blueprint prompt,1,1,1,94,0,0,ok,-1.5558217329752733,0.9080772877198784,0.8011081478924271,0.9951446366138592,1.0646309752183063,0.9837206087841606,0.9361702127659576,2.5572963100840305,0.9574468085106383,2.0494853630799184,0.925531914893617,2.786120180054919,0.0845211598598999,0.2068658613571193
source_matched_baseline_098,Baseline prompt,1,1,1,96,0,0,ok,-0.4648450309653445,0.7301500498841251,0.895440068801884,0.9925980745432208,1.1211558097279215,0.9914053302159748,1.0,1.0760636071542296,1.0,0.9276452662262492,0.9895833333333334,1.0847524469961345,0.0389585289448833,0.052593894508279
source_matched_blueprint_098,Blueprint prompt,1,1,1,86,0,0,ok,-1.1275092894442662,0.5632678664437646,0.8883636301864934,0.9960364216024672,1.0770504123721412,0.9975321160365058,1.0,2.501803719196693,1.0,2.290620308662217,1.0,2.8113887971973712,0.0775199972674273,0.0741057347760373
source_matched_baseline_099,Baseline prompt,1,1,1,94,0,0,ok,-0.578338657941997,0.8074706524317329,0.7067450451995583,0.9873091419687974,1.0623426682884365,0.9953155654678476,1.0,0.9640575611409216,0.8191489361702128,0.675017873210491,0.9574468085106383,1.0391436149743658,0.0477099148745658,0.0433950076651668
source_matched_blueprint_099,Blueprint prompt,1,1,1,70,0,0,ok,-1.62022210391711,0.8727045967749544,0.9557400185663106,0.9970133186650056,1.1315985304486231,0.997458150219248,1.0,2.5600295086412137,1.0,2.4014005407815446,1.0,2.790888071786576,0.0825434320555928,0.0901402505441245
source_matched_baseline_100,Baseline prompt,1,1,1,91,0,0,ok,-0.4013143921535245,0.8038835987164038,0.9887202014108736,0.998782264146663,1.0979897894158557,0.9942153697262645,1.0,0.7426034285393044,1.0,0.7281052112912318,0.956043956043956,0.7663168810349117,0.014271664182578,0.0346223022120825
source_matched_blueprint_100,Blueprint prompt,1,1,1,89,0,0,ok,-1.502970452741642,0.8856417911573844,0.8837275486925144,0.9697878316463924,1.053849798946653,0.9879408627165708,0.8876404494382022,3.2612628687924934,0.8426966292134831,2.968482948553935,0.9887640449438202,3.2717486993841707,0.2298007682519697,0.1715346505400841
